campaign_id,campaign_name,channel,strategy_version,accounts,recovered_accounts,recovery_amount,recovery_rate
CMP0000001,DIGITAL_FOLLOWUP,FIELD,legacy,723,345,47429608.34,0.47717842323651455
CMP0000002,BOUNCE,MIXED,v2,746,337,48003796.31,0.4517426273458445
CMP0000003,30DPD_W1,MIXED,v1,719,340,46518400.26,0.4728789986091794
CMP0000004,BOUNCE,VOICE,legacy,727,339,46947982.98,0.46629986244841815
CMP0000005,60DPD_INTENT,WHATSAPP,legacy,759,318,45412796.19,0.4189723320158103
CMP0000006,BOUNCE,MIXED,legacy,740,354,52884730.61,0.4783783783783784
CMP0000007,DIGITAL_FOLLOWUP,MIXED,v2,707,316,44855459.08,0.44695898161244696
CMP0000008,NPA_RECOVERY,SMS,v2,731,324,47734965.089999996,0.4432284541723666
CMP0000009,60DPD_INTENT,WHATSAPP,v1,714,333,47433209.91,0.46638655462184875
CMP0000010,30DPD_W1,FIELD,v1,720,334,46260131.92,0.4638888888888889
CMP0000011,NPA_RECOVERY,WHATSAPP,v3,695,302,43342835.44,0.43453237410071943
CMP0000012,NPA_RECOVERY,WHATSAPP,v1,734,323,46165393.6,0.44005449591280654
CMP0000013,30DPD_W1,VOICE,v2,746,345,47113988.12,0.4624664879356568
CMP0000014,NPA_RECOVERY,SMS,v1,781,363,49284880.82,0.4647887323943662
CMP0000015,DIGITAL_FOLLOWUP,FIELD,v3,770,343,50073617.43,0.44545454545454544
CMP0000016,NPA_RECOVERY,MIXED,v1,736,314,44231196.19,0.4266304347826087
CMP0000017,NPA_RECOVERY,MIXED,v3,693,298,43972230.06,0.43001443001443
CMP0000018,60DPD_INTENT,SMS,legacy,722,322,47255697.54,0.44598337950138506
CMP0000019,NPA_RECOVERY,WHATSAPP,v1,748,352,50630836.98,0.47058823529411764
CMP0000020,NPA_RECOVERY,WHATSAPP,v3,720,327,45948591.36,0.45416666666666666
CMP0000021,NPA_RECOVERY,FIELD,legacy,724,339,49362554.89,0.468232044198895
CMP0000022,60DPD_INTENT,VOICE,v3,746,308,45180612.11,0.4128686327077748
CMP0000023,BOUNCE,VOICE,v2,703,315,42859065.7,0.4480796586059744
CMP0000024,NPA_RECOVERY,SMS,legacy,734,331,45377826.8,0.45095367847411444
CMP0000025,30DPD_W1,FIELD,legacy,713,320,46330409.15,0.4488078541374474
CMP0000026,30DPD_W1,FIELD,legacy,731,329,46818132.28,0.45006839945280436
CMP0000027,BOUNCE,VOICE,legacy,739,329,49069802.07,0.44519621109607577
CMP0000028,30DPD_W1,SMS,legacy,757,291,42751495.89,0.3844121532364597
CMP0000029,60DPD_INTENT,MIXED,v1,743,302,47724329.42,0.4064602960969044
CMP0000030,30DPD_W1,SMS,v2,755,304,44332196.51,0.40264900662251657
CMP0000031,30DPD_W1,VOICE,v3,772,338,50249757.89,0.4378238341968912
CMP0000032,NPA_RECOVERY,MIXED,v2,702,312,46412196.17,0.4444444444444444
CMP0000033,DIGITAL_FOLLOWUP,WHATSAPP,legacy,751,338,47442769.97,0.45006657789613846
CMP0000034,DIGITAL_FOLLOWUP,VOICE,v3,754,351,49659187.0,0.46551724137931033
CMP0000035,30DPD_W1,MIXED,legacy,776,338,48156235.09,0.43556701030927836
CMP0000036,30DPD_W1,SMS,v1,781,366,53558036.07,0.4686299615877081
CMP0000037,BOUNCE,SMS,v2,716,310,46994834.35,0.4329608938547486
CMP0000038,NPA_RECOVERY,FIELD,v2,756,347,49185640.52,0.458994708994709
CMP0000039,DIGITAL_FOLLOWUP,SMS,v3,722,317,47810992.07,0.4390581717451524
CMP0000040,DIGITAL_FOLLOWUP,FIELD,v1,765,357,48776835.98,0.4666666666666667
CMP0000041,30DPD_W1,SMS,legacy,772,357,47661016.06,0.46243523316062174
CMP0000042,BOUNCE,FIELD,v3,727,344,48441955.7,0.4731774415405777
CMP0000043,NPA_RECOVERY,WHATSAPP,legacy,715,305,43243662.77,0.42657342657342656
CMP0000044,NPA_RECOVERY,SMS,v1,727,325,42436196.07,0.4470426409903714
CMP0000045,30DPD_W1,VOICE,v2,745,337,49458986.05,0.45234899328859063
CMP0000046,BOUNCE,WHATSAPP,v3,772,301,47436224.71,0.3898963730569948
CMP0000047,BOUNCE,WHATSAPP,v2,756,324,46786917.4,0.42857142857142855
CMP0000048,NPA_RECOVERY,WHATSAPP,v2,775,360,51490002.74,0.4645161290322581
CMP0000049,60DPD_INTENT,VOICE,v1,763,337,47141244.7,0.4416775884665793
CMP0000050,NPA_RECOVERY,SMS,v1,728,325,47717869.55,0.44642857142857145
CMP0000051,DIGITAL_FOLLOWUP,WHATSAPP,v1,718,316,44545211.94,0.4401114206128134
CMP0000052,BOUNCE,SMS,v2,747,336,50147679.15,0.4497991967871486
CMP0000053,DIGITAL_FOLLOWUP,VOICE,v1,730,299,41060441.18,0.4095890410958904
CMP0000054,BOUNCE,SMS,v3,749,323,47662774.88,0.43124165554072097
CMP0000055,BOUNCE,MIXED,v3,750,340,50959558.81,0.4533333333333333
CMP0000056,60DPD_INTENT,WHATSAPP,v1,731,318,43911332.15,0.43502051983584133
CMP0000057,30DPD_W1,MIXED,v3,743,319,48463954.75,0.42934051144010765
CMP0000058,BOUNCE,VOICE,legacy,777,345,50059261.61,0.444015444015444
CMP0000059,30DPD_W1,MIXED,legacy,743,321,45698749.78,0.43203230148048455
CMP0000060,30DPD_W1,SMS,v3,785,346,50654485.17,0.4407643312101911
CMP0000061,30DPD_W1,WHATSAPP,v3,753,328,47976745.7,0.4355909694555113
CMP0000062,NPA_RECOVERY,SMS,legacy,725,312,42016700.28,0.4303448275862069
CMP0000063,BOUNCE,WHATSAPP,v1,725,306,44551695.95,0.4220689655172414
CMP0000064,60DPD_INTENT,FIELD,v2,748,343,47374372.0,0.4585561497326203
CMP0000065,30DPD_W1,WHATSAPP,v3,764,327,45956487.61,0.4280104712041885
CMP0000066,60DPD_INTENT,WHATSAPP,v2,720,302,44749133.89,0.41944444444444445
CMP0000067,30DPD_W1,MIXED,v2,728,315,45763185.08,0.4326923076923077
CMP0000068,NPA_RECOVERY,VOICE,v1,736,317,45511928.85,0.43070652173913043
CMP0000069,BOUNCE,SMS,v3,725,325,44506516.89,0.4482758620689655
CMP0000070,60DPD_INTENT,WHATSAPP,v1,758,352,49503317.27,0.46437994722955145
CMP0000071,30DPD_W1,MIXED,v3,707,329,46988330.09,0.46534653465346537
CMP0000072,30DPD_W1,WHATSAPP,v2,777,359,52689729.82,0.462033462033462
CMP0000073,60DPD_INTENT,SMS,v2,712,327,47791282.71,0.4592696629213483
CMP0000074,BOUNCE,MIXED,legacy,735,337,49577782.28,0.45850340136054424
CMP0000075,30DPD_W1,WHATSAPP,v3,730,320,48066685.04,0.4383561643835616
CMP0000076,DIGITAL_FOLLOWUP,VOICE,v3,713,334,45194234.06,0.4684431977559607
CMP0000077,BOUNCE,FIELD,v1,714,309,44619329.93,0.4327731092436975
CMP0000078,60DPD_INTENT,SMS,v2,690,310,44485811.44,0.4492753623188406
CMP0000079,NPA_RECOVERY,MIXED,legacy,793,351,51102599.94,0.4426229508196721
CMP0000080,NPA_RECOVERY,WHATSAPP,legacy,751,333,49516768.76,0.4434087882822903
CMP0000081,DIGITAL_FOLLOWUP,WHATSAPP,legacy,751,328,45236967.74,0.4367509986684421
CMP0000082,DIGITAL_FOLLOWUP,MIXED,v2,714,304,43955073.45,0.4257703081232493
CMP0000083,BOUNCE,WHATSAPP,v2,772,345,49453730.74,0.44689119170984454
CMP0000084,BOUNCE,FIELD,legacy,739,351,49324309.56,0.4749661705006766
CMP0000085,60DPD_INTENT,MIXED,legacy,731,338,49426354.92,0.46238030095759236
CMP0000086,DIGITAL_FOLLOWUP,SMS,v3,778,366,52604533.3,0.4704370179948586
CMP0000087,60DPD_INTENT,SMS,legacy,717,322,47029090.26,0.4490934449093445
CMP0000088,30DPD_W1,MIXED,v1,700,304,46598544.37,0.4342857142857143
CMP0000089,DIGITAL_FOLLOWUP,WHATSAPP,legacy,743,321,45502347.31,0.43203230148048455
CMP0000090,30DPD_W1,FIELD,v2,731,329,48559073.22,0.45006839945280436
CMP0000091,DIGITAL_FOLLOWUP,VOICE,v3,731,321,47943528.07,0.43912448700410395
CMP0000092,NPA_RECOVERY,SMS,v3,796,353,52048423.84,0.4434673366834171
CMP0000093,60DPD_INTENT,SMS,legacy,733,349,49508496.95,0.4761255115961801
CMP0000094,60DPD_INTENT,WHATSAPP,v3,735,336,49749047.36,0.45714285714285713
CMP0000095,DIGITAL_FOLLOWUP,VOICE,legacy,752,314,42031540.95,0.4175531914893617
CMP0000096,DIGITAL_FOLLOWUP,WHATSAPP,legacy,768,327,48371660.18,0.42578125
CMP0000097,NPA_RECOVERY,MIXED,v2,730,333,48141057.9,0.45616438356164385
CMP0000098,DIGITAL_FOLLOWUP,WHATSAPP,legacy,768,369,49539729.97,0.48046875
CMP0000099,BOUNCE,WHATSAPP,legacy,727,333,49111709.87,0.4580467675378267
CMP0000100,BOUNCE,WHATSAPP,v3,785,359,50613451.64,0.4573248407643312
CMP0000101,BOUNCE,MIXED,v3,738,301,44220715.55,0.4078590785907859
CMP0000102,NPA_RECOVERY,VOICE,legacy,711,325,42749597.99,0.4571026722925457
CMP0000103,NPA_RECOVERY,WHATSAPP,legacy,789,344,48225674.03,0.43599493029150826
CMP0000104,30DPD_W1,FIELD,legacy,747,344,48750821.11,0.4605087014725569
CMP0000105,BOUNCE,FIELD,v2,743,351,50057512.7,0.47240915208613726
CMP0000106,NPA_RECOVERY,SMS,v3,769,335,45810615.76,0.435630689206762
CMP0000107,DIGITAL_FOLLOWUP,SMS,legacy,685,294,42335646.33,0.4291970802919708
CMP0000108,NPA_RECOVERY,VOICE,v3,695,310,45255634.8,0.4460431654676259
CMP0000109,NPA_RECOVERY,MIXED,v1,738,341,50618252.1,0.462059620596206
CMP0000110,DIGITAL_FOLLOWUP,VOICE,v2,736,335,47913432.44,0.45516304347826086
CMP0000111,30DPD_W1,FIELD,v1,734,321,46201217.03,0.4373297002724796
CMP0000112,60DPD_INTENT,MIXED,v3,776,339,52890685.58,0.4368556701030928
CMP0000113,30DPD_W1,WHATSAPP,legacy,705,302,46006638.57,0.42836879432624114
CMP0000114,60DPD_INTENT,SMS,legacy,805,379,52939624.84,0.47080745341614905
CMP0000115,BOUNCE,FIELD,v2,751,342,50631773.92,0.45539280958721706
CMP0000116,DIGITAL_FOLLOWUP,VOICE,v1,804,386,55142451.99,0.48009950248756217
CMP0000117,BOUNCE,VOICE,v3,744,332,48287747.1,0.44623655913978494
CMP0000118,30DPD_W1,FIELD,v3,722,319,48129287.02,0.44182825484764543
CMP0000119,30DPD_W1,SMS,v2,755,318,45333905.47,0.42119205298013246
CMP0000120,NPA_RECOVERY,SMS,v3,689,329,43869466.11,0.47750362844702465
