month,loan_type,account_count,share_of_month,dimension,dpd,risk_segment,status,schema_version
2024-01,AUTO,270,0.20594965675057209,loan_type,,,,
2024-01,BNPL,250,0.19069412662090007,loan_type,,,,
2024-01,CONSUMER,264,0.20137299771167047,loan_type,,,,
2024-01,CREDIT_CARD,262,0.19984744469870327,loan_type,,,,
2024-01,PERSONAL,265,0.20213577421815407,loan_type,,,,
2024-02,AUTO,278,0.21401077752117012,loan_type,,,,
2024-02,BNPL,249,0.19168591224018475,loan_type,,,,
2024-02,CONSUMER,256,0.19707467282525018,loan_type,,,,
2024-02,CREDIT_CARD,242,0.18629715165511931,loan_type,,,,
2024-02,PERSONAL,274,0.21093148575827558,loan_type,,,,
2024-03,AUTO,267,0.19017094017094016,loan_type,,,,
2024-03,BNPL,321,0.22863247863247863,loan_type,,,,
2024-03,CONSUMER,276,0.19658119658119658,loan_type,,,,
2024-03,CREDIT_CARD,280,0.19943019943019943,loan_type,,,,
2024-03,PERSONAL,260,0.18518518518518517,loan_type,,,,
2024-04,AUTO,252,0.1995249406175772,loan_type,,,,
2024-04,BNPL,236,0.1868566904196358,loan_type,,,,
2024-04,CONSUMER,268,0.2121931908155186,loan_type,,,,
2024-04,CREDIT_CARD,269,0.21298495645288995,loan_type,,,,
2024-04,PERSONAL,238,0.18844022169437846,loan_type,,,,
2024-05,AUTO,257,0.19968919968919968,loan_type,,,,
2024-05,BNPL,260,0.20202020202020202,loan_type,,,,
2024-05,CONSUMER,237,0.18414918414918416,loan_type,,,,
2024-05,CREDIT_CARD,277,0.21522921522921523,loan_type,,,,
2024-05,PERSONAL,256,0.1989121989121989,loan_type,,,,
2024-06,AUTO,237,0.1944216570959803,loan_type,,,,
2024-06,BNPL,264,0.2165709598031173,loan_type,,,,
2024-06,CONSUMER,218,0.17883511074651354,loan_type,,,,
2024-06,CREDIT_CARD,243,0.19934372436423298,loan_type,,,,
2024-06,PERSONAL,257,0.21082854799015588,loan_type,,,,
2024-07,AUTO,272,0.2054380664652568,loan_type,,,,
2024-07,BNPL,293,0.2212990936555891,loan_type,,,,
2024-07,CONSUMER,223,0.16842900302114805,loan_type,,,,
2024-07,CREDIT_CARD,256,0.1933534743202417,loan_type,,,,
2024-07,PERSONAL,280,0.21148036253776434,loan_type,,,,
2024-08,AUTO,266,0.1958762886597938,loan_type,,,,
2024-08,BNPL,249,0.18335787923416788,loan_type,,,,
2024-08,CONSUMER,279,0.20544918998527245,loan_type,,,,
2024-08,CREDIT_CARD,283,0.20839469808541974,loan_type,,,,
2024-08,PERSONAL,281,0.20692194403534608,loan_type,,,,
2024-09,AUTO,291,0.21945701357466063,loan_type,,,,
2024-09,BNPL,268,0.20211161387631976,loan_type,,,,
2024-09,CONSUMER,232,0.17496229260935142,loan_type,,,,
2024-09,CREDIT_CARD,261,0.19683257918552036,loan_type,,,,
2024-09,PERSONAL,274,0.2066365007541478,loan_type,,,,
2024-10,AUTO,243,0.17841409691629956,loan_type,,,,
2024-10,BNPL,265,0.1945668135095448,loan_type,,,,
2024-10,CONSUMER,279,0.20484581497797358,loan_type,,,,
2024-10,CREDIT_CARD,312,0.2290748898678414,loan_type,,,,
2024-10,PERSONAL,263,0.19309838472834068,loan_type,,,,
2024-11,AUTO,273,0.21195652173913043,loan_type,,,,
2024-11,BNPL,243,0.18866459627329193,loan_type,,,,
2024-11,CONSUMER,265,0.20574534161490685,loan_type,,,,
2024-11,CREDIT_CARD,243,0.18866459627329193,loan_type,,,,
2024-11,PERSONAL,264,0.20496894409937888,loan_type,,,,
2024-12,AUTO,266,0.20367534456355282,loan_type,,,,
2024-12,BNPL,244,0.18683001531393567,loan_type,,,,
2024-12,CONSUMER,285,0.21822358346094947,loan_type,,,,
2024-12,CREDIT_CARD,268,0.20520673813169985,loan_type,,,,
2024-12,PERSONAL,243,0.1860643185298622,loan_type,,,,
2025-01,AUTO,269,0.20195195195195195,loan_type,,,,
2025-01,BNPL,245,0.18393393393393392,loan_type,,,,
2025-01,CONSUMER,285,0.21396396396396397,loan_type,,,,
2025-01,CREDIT_CARD,296,0.2222222222222222,loan_type,,,,
2025-01,PERSONAL,237,0.17792792792792791,loan_type,,,,
2025-02,AUTO,273,0.2215909090909091,loan_type,,,,
2025-02,BNPL,263,0.21347402597402598,loan_type,,,,
2025-02,CONSUMER,229,0.1858766233766234,loan_type,,,,
2025-02,CREDIT_CARD,233,0.1891233766233766,loan_type,,,,
2025-02,PERSONAL,234,0.18993506493506493,loan_type,,,,
2025-03,AUTO,260,0.1918819188191882,loan_type,,,,
2025-03,BNPL,257,0.1896678966789668,loan_type,,,,
2025-03,CONSUMER,280,0.2066420664206642,loan_type,,,,
2025-03,CREDIT_CARD,280,0.2066420664206642,loan_type,,,,
2025-03,PERSONAL,278,0.2051660516605166,loan_type,,,,
2025-04,AUTO,261,0.20747217806041335,loan_type,,,,
2025-04,BNPL,241,0.1915739268680445,loan_type,,,,
2025-04,CONSUMER,244,0.19395866454689983,loan_type,,,,
2025-04,CREDIT_CARD,256,0.20349761526232116,loan_type,,,,
2025-04,PERSONAL,256,0.20349761526232116,loan_type,,,,
2025-05,AUTO,248,0.194815396700707,loan_type,,,,
2025-05,BNPL,279,0.21916732128829536,loan_type,,,,
2025-05,CONSUMER,249,0.19560094265514533,loan_type,,,,
2025-05,CREDIT_CARD,230,0.18067556952081698,loan_type,,,,
2025-05,PERSONAL,267,0.20974076983503534,loan_type,,,,
2025-06,AUTO,255,0.20302547770700638,loan_type,,,,
2025-06,BNPL,256,0.20382165605095542,loan_type,,,,
2025-06,CONSUMER,245,0.19506369426751594,loan_type,,,,
2025-06,CREDIT_CARD,238,0.18949044585987262,loan_type,,,,
2025-06,PERSONAL,262,0.2085987261146497,loan_type,,,,
2025-07,AUTO,252,0.19626168224299065,loan_type,,,,
2025-07,BNPL,243,0.18925233644859812,loan_type,,,,
2025-07,CONSUMER,231,0.17990654205607476,loan_type,,,,
2025-07,CREDIT_CARD,276,0.21495327102803738,loan_type,,,,
2025-07,PERSONAL,282,0.21962616822429906,loan_type,,,,
2025-08,AUTO,286,0.2161753590325019,loan_type,,,,
2025-08,BNPL,219,0.1655328798185941,loan_type,,,,
2025-08,CONSUMER,259,0.19576719576719576,loan_type,,,,
2025-08,CREDIT_CARD,282,0.21315192743764172,loan_type,,,,
2025-08,PERSONAL,277,0.20937263794406652,loan_type,,,,
2025-09,AUTO,270,0.19838354151359294,loan_type,,,,
2025-09,BNPL,244,0.1792799412196914,loan_type,,,,
2025-09,CONSUMER,304,0.2233651726671565,loan_type,,,,
2025-09,CREDIT_CARD,284,0.20867009551800147,loan_type,,,,
2025-09,PERSONAL,259,0.19030124908155768,loan_type,,,,
2025-10,AUTO,272,0.20528301886792452,loan_type,,,,
2025-10,BNPL,268,0.20226415094339623,loan_type,,,,
2025-10,CONSUMER,280,0.21132075471698114,loan_type,,,,
2025-10,CREDIT_CARD,256,0.1932075471698113,loan_type,,,,
2025-10,PERSONAL,249,0.1879245283018868,loan_type,,,,
2025-11,AUTO,261,0.20813397129186603,loan_type,,,,
2025-11,BNPL,271,0.21610845295055822,loan_type,,,,
2025-11,CONSUMER,242,0.19298245614035087,loan_type,,,,
2025-11,CREDIT_CARD,253,0.20175438596491227,loan_type,,,,
2025-11,PERSONAL,227,0.1810207336523126,loan_type,,,,
2024-01,,110,0.08390541571319603,dpd,0.0,,,
2024-01,,107,0.08161708619374523,dpd,1.0,,,
2024-01,,133,0.10144927536231885,dpd,5.0,,,
2024-01,,101,0.07704042715484363,dpd,15.0,,,
2024-01,,125,0.09534706331045004,dpd,30.0,,,
2024-01,,126,0.09610983981693363,dpd,45.0,,,
2024-01,,125,0.09534706331045004,dpd,60.0,,,
2024-01,,125,0.09534706331045004,dpd,75.0,,,
2024-01,,120,0.09153318077803203,dpd,90.0,,,
2024-01,,118,0.09000762776506484,dpd,120.0,,,
2024-01,,121,0.09229595728451563,dpd,180.0,,,
2024-02,,115,0.08852963818321787,dpd,0.0,,,
2024-02,,114,0.08775981524249422,dpd,1.0,,,
2024-02,,109,0.08391070053887606,dpd,5.0,,,
2024-02,,106,0.08160123171670516,dpd,15.0,,,
2024-02,,111,0.08545034642032333,dpd,30.0,,,
2024-02,,124,0.09545804464973057,dpd,45.0,,,
2024-02,,127,0.09776751347190146,dpd,60.0,,,
2024-02,,122,0.0939183987682833,dpd,75.0,,,
2024-02,,142,0.10931485758275597,dpd,90.0,,,
2024-02,,117,0.09006928406466513,dpd,120.0,,,
2024-02,,112,0.08622016936104696,dpd,180.0,,,
2024-03,,142,0.10113960113960115,dpd,0.0,,,
2024-03,,122,0.0868945868945869,dpd,1.0,,,
2024-03,,122,0.0868945868945869,dpd,5.0,,,
2024-03,,112,0.07977207977207977,dpd,15.0,,,
2024-03,,120,0.08547008547008547,dpd,30.0,,,
2024-03,,130,0.09259259259259259,dpd,45.0,,,
2024-03,,138,0.09829059829059829,dpd,60.0,,,
2024-03,,140,0.09971509971509972,dpd,75.0,,,
2024-03,,133,0.09472934472934473,dpd,90.0,,,
2024-03,,118,0.08404558404558404,dpd,120.0,,,
2024-03,,127,0.09045584045584046,dpd,180.0,,,
2024-04,,124,0.09817893903404593,dpd,0.0,,,
2024-04,,106,0.08392715756136183,dpd,1.0,,,
2024-04,,120,0.09501187648456057,dpd,5.0,,,
2024-04,,116,0.09184481393507522,dpd,15.0,,,
2024-04,,127,0.10055423594615993,dpd,30.0,,,
2024-04,,100,0.0791765637371338,dpd,45.0,,,
2024-04,,112,0.08867775138558986,dpd,60.0,,,
2024-04,,120,0.09501187648456057,dpd,75.0,,,
2024-04,,111,0.08788598574821853,dpd,90.0,,,
2024-04,,106,0.08392715756136183,dpd,120.0,,,
2024-04,,121,0.0958036421219319,dpd,180.0,,,
2024-05,,134,0.10411810411810411,dpd,0.0,,,
2024-05,,124,0.09634809634809635,dpd,1.0,,,
2024-05,,112,0.08702408702408702,dpd,5.0,,,
2024-05,,113,0.08780108780108781,dpd,15.0,,,
2024-05,,112,0.08702408702408702,dpd,30.0,,,
2024-05,,133,0.10334110334110334,dpd,45.0,,,
2024-05,,103,0.08003108003108003,dpd,60.0,,,
2024-05,,125,0.09712509712509712,dpd,75.0,,,
2024-05,,108,0.08391608391608392,dpd,90.0,,,
2024-05,,122,0.0947940947940948,dpd,120.0,,,
2024-05,,101,0.07847707847707848,dpd,180.0,,,
2024-06,,111,0.09105824446267433,dpd,0.0,,,
2024-06,,110,0.09023789991796555,dpd,1.0,,,
2024-06,,110,0.09023789991796555,dpd,5.0,,,
2024-06,,116,0.0951599671862182,dpd,15.0,,,
2024-06,,96,0.07875307629204266,dpd,30.0,,,
2024-06,,106,0.08695652173913043,dpd,45.0,,,
2024-06,,109,0.08941755537325677,dpd,60.0,,,
2024-06,,116,0.0951599671862182,dpd,75.0,,,
2024-06,,115,0.09433962264150944,dpd,90.0,,,
2024-06,,136,0.11156685808039377,dpd,120.0,,,
2024-06,,94,0.0771123872026251,dpd,180.0,,,
2024-07,,116,0.08761329305135952,dpd,0.0,,,
2024-07,,124,0.09365558912386707,dpd,1.0,,,
2024-07,,109,0.0823262839879154,dpd,5.0,,,
2024-07,,125,0.09441087613293052,dpd,15.0,,,
2024-07,,117,0.08836858006042296,dpd,30.0,,,
2024-07,,113,0.08534743202416918,dpd,45.0,,,
2024-07,,130,0.09818731117824774,dpd,60.0,,,
2024-07,,105,0.07930513595166164,dpd,75.0,,,
2024-07,,132,0.09969788519637462,dpd,90.0,,,
2024-07,,128,0.09667673716012085,dpd,120.0,,,
2024-07,,125,0.09441087613293052,dpd,180.0,,,
2024-08,,114,0.08394698085419734,dpd,0.0,,,
2024-08,,127,0.093519882179676,dpd,1.0,,,
2024-08,,127,0.093519882179676,dpd,5.0,,,
2024-08,,120,0.08836524300441827,dpd,15.0,,,
2024-08,,145,0.10677466863033873,dpd,30.0,,,
2024-08,,120,0.08836524300441827,dpd,45.0,,,
2024-08,,118,0.08689248895434462,dpd,60.0,,,
2024-08,,98,0.07216494845360824,dpd,75.0,,,
2024-08,,135,0.09941089837997054,dpd,90.0,,,
2024-08,,128,0.09425625920471281,dpd,120.0,,,
2024-08,,126,0.09278350515463918,dpd,180.0,,,
2024-09,,115,0.08672699849170437,dpd,0.0,,,
2024-09,,111,0.083710407239819,dpd,1.0,,,
2024-09,,122,0.09200603318250378,dpd,5.0,,,
2024-09,,135,0.10180995475113122,dpd,15.0,,,
2024-09,,124,0.09351432880844646,dpd,30.0,,,
2024-09,,118,0.0889894419306184,dpd,45.0,,,
2024-09,,140,0.10558069381598793,dpd,60.0,,,
2024-09,,120,0.09049773755656108,dpd,75.0,,,
2024-09,,120,0.09049773755656108,dpd,90.0,,,
2024-09,,110,0.08295625942684766,dpd,120.0,,,
2024-09,,111,0.083710407239819,dpd,180.0,,,
2024-10,,123,0.09030837004405286,dpd,0.0,,,
2024-10,,134,0.09838472834067548,dpd,1.0,,,
2024-10,,125,0.09177679882525698,dpd,5.0,,,
2024-10,,129,0.0947136563876652,dpd,15.0,,,
2024-10,,120,0.0881057268722467,dpd,30.0,,,
2024-10,,118,0.08663729809104258,dpd,45.0,,,
2024-10,,125,0.09177679882525698,dpd,60.0,,,
2024-10,,122,0.08957415565345081,dpd,75.0,,,
2024-10,,134,0.09838472834067548,dpd,90.0,,,
2024-10,,107,0.07856093979441997,dpd,120.0,,,
2024-10,,125,0.09177679882525698,dpd,180.0,,,
2024-11,,106,0.08229813664596274,dpd,0.0,,,
2024-11,,114,0.08850931677018634,dpd,1.0,,,
2024-11,,105,0.08152173913043478,dpd,5.0,,,
2024-11,,126,0.09782608695652174,dpd,15.0,,,
2024-11,,112,0.08695652173913043,dpd,30.0,,,
2024-11,,103,0.07996894409937888,dpd,45.0,,,
2024-11,,141,0.10947204968944099,dpd,60.0,,,
2024-11,,119,0.09239130434782608,dpd,75.0,,,
2024-11,,110,0.08540372670807453,dpd,90.0,,,
2024-11,,139,0.10791925465838509,dpd,120.0,,,
2024-11,,113,0.08773291925465838,dpd,180.0,,,
2024-12,,102,0.0781010719754977,dpd,0.0,,,
2024-12,,125,0.09571209800918837,dpd,1.0,,,
2024-12,,120,0.09188361408882083,dpd,5.0,,,
2024-12,,131,0.1003062787136294,dpd,15.0,,,
2024-12,,121,0.09264931087289434,dpd,30.0,,,
2024-12,,121,0.09264931087289434,dpd,45.0,,,
2024-12,,112,0.08575803981623277,dpd,60.0,,,
2024-12,,113,0.08652373660030628,dpd,75.0,,,
2024-12,,114,0.08728943338437979,dpd,90.0,,,
2024-12,,112,0.08575803981623277,dpd,120.0,,,
2024-12,,135,0.10336906584992343,dpd,180.0,,,
2025-01,,116,0.08708708708708708,dpd,0.0,,,
2025-01,,135,0.10135135135135136,dpd,1.0,,,
2025-01,,123,0.09234234234234234,dpd,5.0,,,
2025-01,,130,0.09759759759759759,dpd,15.0,,,
2025-01,,128,0.0960960960960961,dpd,30.0,,,
2025-01,,116,0.08708708708708708,dpd,45.0,,,
2025-01,,115,0.08633633633633633,dpd,60.0,,,
2025-01,,119,0.08933933933933934,dpd,75.0,,,
2025-01,,102,0.07657657657657657,dpd,90.0,,,
2025-01,,130,0.09759759759759759,dpd,120.0,,,
2025-01,,118,0.08858858858858859,dpd,180.0,,,
2025-02,,113,0.09172077922077922,dpd,0.0,,,
2025-02,,115,0.09334415584415584,dpd,1.0,,,
2025-02,,108,0.08766233766233766,dpd,5.0,,,
2025-02,,109,0.08847402597402597,dpd,15.0,,,
2025-02,,89,0.07224025974025974,dpd,30.0,,,
2025-02,,126,0.10227272727272728,dpd,45.0,,,
2025-02,,100,0.08116883116883117,dpd,60.0,,,
2025-02,,116,0.09415584415584416,dpd,75.0,,,
2025-02,,105,0.08522727272727272,dpd,90.0,,,
2025-02,,123,0.09983766233766234,dpd,120.0,,,
2025-02,,128,0.1038961038961039,dpd,180.0,,,
2025-03,,107,0.07896678966789668,dpd,0.0,,,
2025-03,,134,0.0988929889298893,dpd,1.0,,,
2025-03,,129,0.0952029520295203,dpd,5.0,,,
2025-03,,129,0.0952029520295203,dpd,15.0,,,
2025-03,,127,0.09372693726937269,dpd,30.0,,,
2025-03,,114,0.08413284132841328,dpd,45.0,,,
2025-03,,125,0.09225092250922509,dpd,60.0,,,
2025-03,,117,0.08634686346863468,dpd,75.0,,,
2025-03,,111,0.08191881918819188,dpd,90.0,,,
2025-03,,135,0.0996309963099631,dpd,120.0,,,
2025-03,,127,0.09372693726937269,dpd,180.0,,,
2025-04,,106,0.08426073131955485,dpd,0.0,,,
2025-04,,109,0.08664546899841018,dpd,1.0,,,
2025-04,,113,0.08982511923688394,dpd,5.0,,,
2025-04,,110,0.08744038155802862,dpd,15.0,,,
2025-04,,114,0.09062003179650238,dpd,30.0,,,
2025-04,,122,0.09697933227344992,dpd,45.0,,,
2025-04,,110,0.08744038155802862,dpd,60.0,,,
2025-04,,117,0.09300476947535771,dpd,75.0,,,
2025-04,,124,0.0985691573926868,dpd,90.0,,,
2025-04,,111,0.08823529411764706,dpd,120.0,,,
2025-04,,122,0.09697933227344992,dpd,180.0,,,
2025-05,,123,0.09662215239591516,dpd,0.0,,,
2025-05,,119,0.09347996857816182,dpd,1.0,,,
2025-05,,119,0.09347996857816182,dpd,5.0,,,
2025-05,,118,0.09269442262372349,dpd,15.0,,,
2025-05,,104,0.0816967792615868,dpd,30.0,,,
2025-05,,116,0.09112333071484682,dpd,45.0,,,
2025-05,,108,0.08483896307934014,dpd,60.0,,,
2025-05,,136,0.10683424980361352,dpd,75.0,,,
2025-05,,118,0.09269442262372349,dpd,90.0,,,
2025-05,,100,0.07855459544383346,dpd,120.0,,,
2025-05,,112,0.08798114689709348,dpd,180.0,,,
2025-06,,130,0.1035031847133758,dpd,0.0,,,
2025-06,,104,0.08280254777070063,dpd,1.0,,,
2025-06,,128,0.10191082802547771,dpd,5.0,,,
2025-06,,116,0.09235668789808917,dpd,15.0,,,
2025-06,,124,0.09872611464968153,dpd,30.0,,,
2025-06,,109,0.08678343949044585,dpd,45.0,,,
2025-06,,104,0.08280254777070063,dpd,60.0,,,
2025-06,,115,0.09156050955414012,dpd,75.0,,,
2025-06,,106,0.08439490445859872,dpd,90.0,,,
2025-06,,104,0.08280254777070063,dpd,120.0,,,
2025-06,,116,0.09235668789808917,dpd,180.0,,,
2025-07,,115,0.0895638629283489,dpd,0.0,,,
2025-07,,110,0.08566978193146417,dpd,1.0,,,
2025-07,,118,0.09190031152647975,dpd,5.0,,,
2025-07,,116,0.09034267912772585,dpd,15.0,,,
2025-07,,112,0.08722741433021806,dpd,30.0,,,
2025-07,,115,0.0895638629283489,dpd,45.0,,,
2025-07,,133,0.10358255451713395,dpd,60.0,,,
2025-07,,112,0.08722741433021806,dpd,75.0,,,
2025-07,,121,0.09423676012461059,dpd,90.0,,,
2025-07,,121,0.09423676012461059,dpd,120.0,,,
2025-07,,111,0.08644859813084112,dpd,180.0,,,
2025-08,,117,0.08843537414965986,dpd,0.0,,,
2025-08,,97,0.07331821617535904,dpd,1.0,,,
2025-08,,121,0.09145880574452003,dpd,5.0,,,
2025-08,,141,0.10657596371882086,dpd,15.0,,,
2025-08,,131,0.09901738473167045,dpd,30.0,,,
2025-08,,125,0.0944822373393802,dpd,45.0,,,
2025-08,,128,0.09674981103552532,dpd,60.0,,,
2025-08,,118,0.08919123204837491,dpd,75.0,,,
2025-08,,113,0.0854119425547997,dpd,90.0,,,
2025-08,,116,0.08767951625094482,dpd,120.0,,,
2025-08,,116,0.08767951625094482,dpd,180.0,,,
2025-09,,111,0.08155767817781043,dpd,0.0,,,
2025-09,,122,0.0896399706098457,dpd,1.0,,,
2025-09,,132,0.09698750918442321,dpd,5.0,,,
2025-09,,125,0.09184423218221896,dpd,15.0,,,
2025-09,,104,0.07641440117560618,dpd,30.0,,,
2025-09,,146,0.10727406318883174,dpd,45.0,,,
2025-09,,133,0.09772226304188097,dpd,60.0,,,
2025-09,,130,0.09551800146950772,dpd,75.0,,,
2025-09,,124,0.09110947832476121,dpd,90.0,,,
2025-09,,134,0.09845701689933872,dpd,120.0,,,
2025-09,,100,0.07347538574577517,dpd,180.0,,,
2025-10,,120,0.09056603773584905,dpd,0.0,,,
2025-10,,127,0.09584905660377359,dpd,1.0,,,
2025-10,,124,0.09358490566037736,dpd,5.0,,,
2025-10,,110,0.0830188679245283,dpd,15.0,,,
2025-10,,124,0.09358490566037736,dpd,30.0,,,
2025-10,,131,0.09886792452830188,dpd,45.0,,,
2025-10,,112,0.08452830188679246,dpd,60.0,,,
2025-10,,131,0.09886792452830188,dpd,75.0,,,
2025-10,,106,0.08,dpd,90.0,,,
2025-10,,123,0.09283018867924528,dpd,120.0,,,
2025-10,,117,0.08830188679245284,dpd,180.0,,,
2025-11,,115,0.09170653907496013,dpd,0.0,,,
2025-11,,123,0.09808612440191387,dpd,1.0,,,
2025-11,,98,0.07814992025518341,dpd,5.0,,,
2025-11,,102,0.08133971291866028,dpd,15.0,,,
2025-11,,117,0.09330143540669857,dpd,30.0,,,
2025-11,,112,0.08931419457735247,dpd,45.0,,,
2025-11,,122,0.09728867623604466,dpd,60.0,,,
2025-11,,105,0.08373205741626795,dpd,75.0,,,
2025-11,,123,0.09808612440191387,dpd,90.0,,,
2025-11,,121,0.09649122807017543,dpd,120.0,,,
2025-11,,116,0.09250398724082935,dpd,180.0,,,
2024-01,,317,0.2418001525553013,risk_segment,,HIGH,,
2024-01,,342,0.2608695652173913,risk_segment,,LOW,,
2024-01,,345,0.2631578947368421,risk_segment,,MEDIUM,,
2024-01,,307,0.2341723874904653,risk_segment,,NPA,,
2024-02,,314,0.24172440338722093,risk_segment,,HIGH,,
2024-02,,327,0.2517321016166282,risk_segment,,LOW,,
2024-02,,334,0.2571208622016936,risk_segment,,MEDIUM,,
2024-02,,324,0.24942263279445728,risk_segment,,NPA,,
2024-03,,377,0.26851851851851855,risk_segment,,HIGH,,
2024-03,,334,0.2378917378917379,risk_segment,,LOW,,
2024-03,,349,0.24857549857549857,risk_segment,,MEDIUM,,
2024-03,,344,0.245014245014245,risk_segment,,NPA,,
2024-04,,333,0.26365795724465557,risk_segment,,HIGH,,
2024-04,,337,0.2668250197941409,risk_segment,,LOW,,
2024-04,,298,0.23594615993665874,risk_segment,,MEDIUM,,
2024-04,,295,0.23357086302454474,risk_segment,,NPA,,
2024-05,,343,0.2665112665112665,risk_segment,,HIGH,,
2024-05,,324,0.2517482517482518,risk_segment,,LOW,,
2024-05,,313,0.2432012432012432,risk_segment,,MEDIUM,,
2024-05,,307,0.23853923853923853,risk_segment,,NPA,,
2024-06,,320,0.26251025430680885,risk_segment,,HIGH,,
2024-06,,307,0.25184577522559476,risk_segment,,LOW,,
2024-06,,309,0.2534864643150123,risk_segment,,MEDIUM,,
2024-06,,283,0.2321575061525841,risk_segment,,NPA,,
2024-07,,352,0.26586102719033233,risk_segment,,HIGH,,
2024-07,,331,0.25,risk_segment,,LOW,,
2024-07,,318,0.24018126888217523,risk_segment,,MEDIUM,,
2024-07,,323,0.24395770392749244,risk_segment,,NPA,,
2024-08,,329,0.2422680412371134,risk_segment,,HIGH,,
2024-08,,316,0.23269513991163476,risk_segment,,LOW,,
2024-08,,363,0.26730486008836524,risk_segment,,MEDIUM,,
2024-08,,350,0.25773195876288657,risk_segment,,NPA,,
2024-09,,347,0.2616892911010558,risk_segment,,HIGH,,
2024-09,,315,0.23755656108597284,risk_segment,,LOW,,
2024-09,,332,0.25037707390648567,risk_segment,,MEDIUM,,
2024-09,,332,0.25037707390648567,risk_segment,,NPA,,
2024-10,,359,0.263582966226138,risk_segment,,HIGH,,
2024-10,,329,0.24155653450807635,risk_segment,,LOW,,
2024-10,,369,0.2709251101321586,risk_segment,,MEDIUM,,
2024-10,,305,0.223935389133627,risk_segment,,NPA,,
2024-11,,318,0.2468944099378882,risk_segment,,HIGH,,
2024-11,,330,0.2562111801242236,risk_segment,,LOW,,
2024-11,,313,0.24301242236024845,risk_segment,,MEDIUM,,
2024-11,,327,0.25388198757763975,risk_segment,,NPA,,
2024-12,,319,0.2442572741194487,risk_segment,,HIGH,,
2024-12,,324,0.24808575803981622,risk_segment,,LOW,,
2024-12,,318,0.2434915773353752,risk_segment,,MEDIUM,,
2024-12,,345,0.26416539050535986,risk_segment,,NPA,,
2025-01,,331,0.2484984984984985,risk_segment,,HIGH,,
2025-01,,345,0.25900900900900903,risk_segment,,LOW,,
2025-01,,348,0.26126126126126126,risk_segment,,MEDIUM,,
2025-01,,308,0.23123123123123124,risk_segment,,NPA,,
2025-02,,320,0.2597402597402597,risk_segment,,HIGH,,
2025-02,,314,0.25487012987012986,risk_segment,,LOW,,
2025-02,,293,0.23782467532467533,risk_segment,,MEDIUM,,
2025-02,,305,0.24756493506493507,risk_segment,,NPA,,
2025-03,,353,0.2605166051660517,risk_segment,,HIGH,,
2025-03,,326,0.24059040590405903,risk_segment,,LOW,,
2025-03,,332,0.24501845018450186,risk_segment,,MEDIUM,,
2025-03,,344,0.25387453874538746,risk_segment,,NPA,,
2025-04,,298,0.2368839427662957,risk_segment,,HIGH,,
2025-04,,315,0.2503974562798092,risk_segment,,LOW,,
2025-04,,300,0.2384737678855326,risk_segment,,MEDIUM,,
2025-04,,345,0.2742448330683625,risk_segment,,NPA,,
2025-05,,326,0.25608798114689707,risk_segment,,HIGH,,
2025-05,,326,0.25608798114689707,risk_segment,,LOW,,
2025-05,,295,0.2317360565593087,risk_segment,,MEDIUM,,
2025-05,,326,0.25608798114689707,risk_segment,,NPA,,
2025-06,,293,0.23328025477707007,risk_segment,,HIGH,,
2025-06,,317,0.25238853503184716,risk_segment,,LOW,,
2025-06,,340,0.27070063694267515,risk_segment,,MEDIUM,,
2025-06,,306,0.24363057324840764,risk_segment,,NPA,,
2025-07,,314,0.24454828660436137,risk_segment,,HIGH,,
2025-07,,314,0.24454828660436137,risk_segment,,LOW,,
2025-07,,333,0.25934579439252337,risk_segment,,MEDIUM,,
2025-07,,323,0.2515576323987539,risk_segment,,NPA,,
2025-08,,331,0.25018896447467875,risk_segment,,HIGH,,
2025-08,,337,0.254724111866969,risk_segment,,LOW,,
2025-08,,337,0.254724111866969,risk_segment,,MEDIUM,,
2025-08,,318,0.24036281179138322,risk_segment,,NPA,,
2025-09,,330,0.24246877296105804,risk_segment,,HIGH,,
2025-09,,330,0.24246877296105804,risk_segment,,LOW,,
2025-09,,358,0.2630418809698751,risk_segment,,MEDIUM,,
2025-09,,343,0.2520205731080088,risk_segment,,NPA,,
2025-10,,321,0.24226415094339623,risk_segment,,HIGH,,
2025-10,,339,0.2558490566037736,risk_segment,,LOW,,
2025-10,,328,0.24754716981132074,risk_segment,,MEDIUM,,
2025-10,,337,0.25433962264150944,risk_segment,,NPA,,
2025-11,,307,0.24481658692185007,risk_segment,,HIGH,,
2025-11,,334,0.266347687400319,risk_segment,,LOW,,
2025-11,,308,0.24561403508771928,risk_segment,,MEDIUM,,
2025-11,,305,0.24322169059011164,risk_segment,,NPA,,
2024-01,,326,0.2486651411136537,status,,,ACTIVE,
2024-01,,304,0.2318840579710145,status,,,CLOSED,
2024-01,,358,0.2730739893211289,status,,,PAID,
2024-01,,323,0.2463768115942029,status,,,WRITEOFF,
2024-02,,332,0.25558121632024633,status,,,ACTIVE,
2024-02,,319,0.2455735180908391,status,,,CLOSED,
2024-02,,318,0.24480369515011546,status,,,PAID,
2024-02,,330,0.2540415704387991,status,,,WRITEOFF,
2024-03,,375,0.2670940170940171,status,,,ACTIVE,
2024-03,,334,0.2378917378917379,status,,,CLOSED,
2024-03,,363,0.25854700854700857,status,,,PAID,
2024-03,,332,0.23646723646723647,status,,,WRITEOFF,
2024-04,,310,0.2454473475851148,status,,,ACTIVE,
2024-04,,303,0.23990498812351543,status,,,CLOSED,
2024-04,,321,0.25415676959619954,status,,,PAID,
2024-04,,329,0.2604908946951702,status,,,WRITEOFF,
2024-05,,305,0.236985236985237,status,,,ACTIVE,
2024-05,,339,0.2634032634032634,status,,,CLOSED,
2024-05,,326,0.2533022533022533,status,,,PAID,
2024-05,,317,0.2463092463092463,status,,,WRITEOFF,
2024-06,,304,0.24938474159146842,status,,,ACTIVE,
2024-06,,311,0.2551271534044299,status,,,CLOSED,
2024-06,,324,0.26579163248564397,status,,,PAID,
2024-06,,280,0.22969647251845776,status,,,WRITEOFF,
2024-07,,344,0.2598187311178248,status,,,ACTIVE,
2024-07,,334,0.25226586102719034,status,,,CLOSED,
2024-07,,325,0.24546827794561935,status,,,PAID,
2024-07,,321,0.24244712990936557,status,,,WRITEOFF,
2024-08,,339,0.2496318114874816,status,,,ACTIVE,
2024-08,,340,0.2503681885125184,status,,,CLOSED,
2024-08,,348,0.25625920471281294,status,,,PAID,
2024-08,,331,0.24374079528718703,status,,,WRITEOFF,
2024-09,,315,0.23755656108597284,status,,,ACTIVE,
2024-09,,324,0.24434389140271492,status,,,CLOSED,
2024-09,,352,0.2654600301659125,status,,,PAID,
2024-09,,335,0.2526395173453997,status,,,WRITEOFF,
2024-10,,371,0.2723935389133627,status,,,ACTIVE,
2024-10,,315,0.23127753303964757,status,,,CLOSED,
2024-10,,350,0.25697503671071953,status,,,PAID,
2024-10,,326,0.2393538913362702,status,,,WRITEOFF,
2024-11,,321,0.24922360248447206,status,,,ACTIVE,
2024-11,,354,0.2748447204968944,status,,,CLOSED,
2024-11,,307,0.23835403726708074,status,,,PAID,
2024-11,,306,0.2375776397515528,status,,,WRITEOFF,
2024-12,,311,0.23813169984686064,status,,,ACTIVE,
2024-12,,338,0.25880551301684535,status,,,CLOSED,
2024-12,,311,0.23813169984686064,status,,,PAID,
2024-12,,346,0.2649310872894334,status,,,WRITEOFF,
2025-01,,317,0.23798798798798798,status,,,ACTIVE,
2025-01,,345,0.25900900900900903,status,,,CLOSED,
2025-01,,347,0.2605105105105105,status,,,PAID,
2025-01,,323,0.2424924924924925,status,,,WRITEOFF,
2025-02,,304,0.24675324675324675,status,,,ACTIVE,
2025-02,,316,0.2564935064935065,status,,,CLOSED,
2025-02,,317,0.2573051948051948,status,,,PAID,
2025-02,,295,0.23944805194805194,status,,,WRITEOFF,
2025-03,,339,0.25018450184501845,status,,,ACTIVE,
2025-03,,335,0.24723247232472326,status,,,CLOSED,
2025-03,,338,0.24944649446494466,status,,,PAID,
2025-03,,343,0.25313653136531367,status,,,WRITEOFF,
2025-04,,306,0.24324324324324326,status,,,ACTIVE,
2025-04,,314,0.24960254372019078,status,,,CLOSED,
2025-04,,300,0.2384737678855326,status,,,PAID,
2025-04,,338,0.2686804451510334,status,,,WRITEOFF,
2025-05,,348,0.27336999214454044,status,,,ACTIVE,
2025-05,,325,0.25530243519245877,status,,,CLOSED,
2025-05,,299,0.23487824037706206,status,,,PAID,
2025-05,,301,0.23644933228593873,status,,,WRITEOFF,
2025-06,,312,0.2484076433121019,status,,,ACTIVE,
2025-06,,325,0.2587579617834395,status,,,CLOSED,
2025-06,,288,0.22929936305732485,status,,,PAID,
2025-06,,331,0.2635350318471338,status,,,WRITEOFF,
2025-07,,327,0.2546728971962617,status,,,ACTIVE,
2025-07,,326,0.2538940809968847,status,,,CLOSED,
2025-07,,302,0.235202492211838,status,,,PAID,
2025-07,,329,0.2562305295950156,status,,,WRITEOFF,
2025-08,,343,0.25925925925925924,status,,,ACTIVE,
2025-08,,339,0.2562358276643991,status,,,CLOSED,
2025-08,,318,0.24036281179138322,status,,,PAID,
2025-08,,323,0.24414210128495842,status,,,WRITEOFF,
2025-09,,339,0.2490815576781778,status,,,ACTIVE,
2025-09,,345,0.25349008082292435,status,,,CLOSED,
2025-09,,337,0.2476120499632623,status,,,PAID,
2025-09,,340,0.24981631153563555,status,,,WRITEOFF,
2025-10,,327,0.2467924528301887,status,,,ACTIVE,
2025-10,,303,0.22867924528301886,status,,,CLOSED,
2025-10,,350,0.2641509433962264,status,,,PAID,
2025-10,,345,0.26037735849056604,status,,,WRITEOFF,
2025-11,,324,0.2583732057416268,status,,,ACTIVE,
2025-11,,308,0.24561403508771928,status,,,CLOSED,
2025-11,,287,0.22886762360446572,status,,,PAID,
2025-11,,335,0.2671451355661882,status,,,WRITEOFF,
2024-01,,460,0.3508771929824561,schema_version,,,,v1
2024-01,,443,0.33790999237223496,schema_version,,,,v2
2024-01,,408,0.3112128146453089,schema_version,,,,v3
2024-02,,423,0.325635103926097,schema_version,,,,v1
2024-02,,450,0.3464203233256351,schema_version,,,,v2
2024-02,,426,0.3279445727482679,schema_version,,,,v3
2024-03,,452,0.32193732193732194,schema_version,,,,v1
2024-03,,480,0.3418803418803419,schema_version,,,,v2
2024-03,,472,0.33618233618233617,schema_version,,,,v3
2024-04,,430,0.3404592240696754,schema_version,,,,v1
2024-04,,446,0.35312747426761676,schema_version,,,,v2
2024-04,,387,0.30641330166270786,schema_version,,,,v3
2024-05,,450,0.34965034965034963,schema_version,,,,v1
2024-05,,410,0.3185703185703186,schema_version,,,,v2
2024-05,,427,0.3317793317793318,schema_version,,,,v3
2024-06,,390,0.3199343724364233,schema_version,,,,v1
2024-06,,409,0.3355209187858901,schema_version,,,,v2
2024-06,,420,0.3445447087776866,schema_version,,,,v3
2024-07,,456,0.34441087613293053,schema_version,,,,v1
2024-07,,462,0.34894259818731116,schema_version,,,,v2
2024-07,,406,0.3066465256797583,schema_version,,,,v3
2024-08,,449,0.33063328424153166,schema_version,,,,v1
2024-08,,451,0.3321060382916053,schema_version,,,,v2
2024-08,,458,0.33726067746686306,schema_version,,,,v3
2024-09,,427,0.3220211161387632,schema_version,,,,v1
2024-09,,457,0.34464555052790347,schema_version,,,,v2
2024-09,,442,0.3333333333333333,schema_version,,,,v3
2024-10,,448,0.328928046989721,schema_version,,,,v1
2024-10,,450,0.3303964757709251,schema_version,,,,v2
2024-10,,464,0.3406754772393539,schema_version,,,,v3
2024-11,,471,0.3656832298136646,schema_version,,,,v1
2024-11,,419,0.3253105590062112,schema_version,,,,v2
2024-11,,398,0.3090062111801242,schema_version,,,,v3
2024-12,,441,0.33767228177641656,schema_version,,,,v1
2024-12,,440,0.33690658499234305,schema_version,,,,v2
2024-12,,425,0.32542113323124044,schema_version,,,,v3
2025-01,,479,0.35960960960960964,schema_version,,,,v1
2025-01,,437,0.3280780780780781,schema_version,,,,v2
2025-01,,416,0.3123123123123123,schema_version,,,,v3
2025-02,,443,0.35957792207792205,schema_version,,,,v1
2025-02,,382,0.31006493506493504,schema_version,,,,v2
2025-02,,407,0.33035714285714285,schema_version,,,,v3
2025-03,,443,0.32693726937269374,schema_version,,,,v1
2025-03,,464,0.34243542435424357,schema_version,,,,v2
2025-03,,448,0.33062730627306275,schema_version,,,,v3
2025-04,,440,0.3497615262321145,schema_version,,,,v1
2025-04,,421,0.33465818759936405,schema_version,,,,v2
2025-04,,397,0.31558028616852146,schema_version,,,,v3
2025-05,,452,0.35506677140612725,schema_version,,,,v1
2025-05,,423,0.3322859387274156,schema_version,,,,v2
2025-05,,398,0.3126472898664572,schema_version,,,,v3
2025-06,,419,0.3335987261146497,schema_version,,,,v1
2025-06,,441,0.35111464968152867,schema_version,,,,v2
2025-06,,396,0.31528662420382164,schema_version,,,,v3
2025-07,,439,0.34190031152647976,schema_version,,,,v1
2025-07,,432,0.3364485981308411,schema_version,,,,v2
2025-07,,413,0.32165109034267914,schema_version,,,,v3
2025-08,,459,0.3469387755102041,schema_version,,,,v1
2025-08,,407,0.30763416477702193,schema_version,,,,v2
2025-08,,457,0.345427059712774,schema_version,,,,v3
2025-09,,426,0.3130051432770022,schema_version,,,,v1
2025-09,,452,0.33210874357090375,schema_version,,,,v2
2025-09,,483,0.35488611315209406,schema_version,,,,v3
2025-10,,449,0.3388679245283019,schema_version,,,,v1
2025-10,,447,0.3373584905660377,schema_version,,,,v2
2025-10,,429,0.3237735849056604,schema_version,,,,v3
2025-11,,406,0.3237639553429027,schema_version,,,,v1
2025-11,,403,0.32137161084529503,schema_version,,,,v2
2025-11,,445,0.3548644338118022,schema_version,,,,v3
