payment_reference,occurrences,payment_ids,accounts,amounts,providers
TXN0000000009,2,1,1,1,1
TXN0000000027,2,2,2,2,2
TXN0000000032,3,3,3,3,3
TXN0000000113,3,3,3,3,3
TXN0000000132,2,2,2,2,2
TXN0000000134,2,2,2,2,2
TXN0000000154,2,2,2,2,2
TXN0000000186,2,2,2,2,2
TXN0000000196,2,2,2,2,2
TXN0000000212,2,2,2,2,2
TXN0000000271,2,2,2,2,2
TXN0000000277,2,2,2,2,2
TXN0000000280,2,2,2,2,2
TXN0000000314,2,1,1,1,1
TXN0000000327,2,2,2,2,2
TXN0000000329,2,2,2,2,2
TXN0000000352,2,2,2,2,2
TXN0000000374,2,2,2,2,2
TXN0000000428,2,2,2,2,2
TXN0000000437,3,3,3,3,3
TXN0000000454,2,2,2,2,2
TXN0000000466,2,1,1,1,1
TXN0000000471,2,2,2,2,2
TXN0000000475,2,1,1,1,1
TXN0000000480,2,2,2,2,1
TXN0000000482,2,2,2,2,2
TXN0000000487,2,2,2,2,2
TXN0000000491,2,2,2,2,2
TXN0000000512,4,3,3,3,3
TXN0000000531,2,2,2,2,2
TXN0000000562,3,2,2,2,1
TXN0000000568,2,2,2,2,1
TXN0000000578,2,2,2,2,2
TXN0000000584,2,2,2,2,2
TXN0000000601,2,2,2,2,2
TXN0000000619,3,3,3,3,3
TXN0000000629,3,3,3,3,2
TXN0000000630,2,2,2,2,2
TXN0000000635,2,2,2,2,2
TXN0000000667,2,2,2,2,2
TXN0000000710,3,2,2,2,2
TXN0000000732,2,2,2,2,2
TXN0000000744,2,2,2,2,2
TXN0000000776,4,3,3,3,3
TXN0000000782,2,2,2,2,2
TXN0000000791,2,2,2,2,2
TXN0000000794,2,2,2,2,2
TXN0000000806,2,2,2,2,2
TXN0000000808,2,2,2,2,2
TXN0000000867,2,2,2,2,2
TXN0000000908,2,2,2,2,2
TXN0000000928,2,2,2,2,2
TXN0000000949,2,2,2,2,2
TXN0000000958,2,2,2,2,2
TXN0000000965,2,2,2,2,1
TXN0000001052,2,2,2,2,2
TXN0000001102,2,2,2,2,2
TXN0000001106,2,2,2,2,2
TXN0000001126,2,2,2,2,2
TXN0000001134,2,2,2,2,2
TXN0000001178,2,2,2,2,2
TXN0000001233,3,2,2,2,2
TXN0000001252,2,2,2,2,2
TXN0000001266,2,2,2,2,2
TXN0000001278,2,2,2,2,2
TXN0000001316,2,2,2,2,2
TXN0000001397,3,3,3,3,2
TXN0000001402,2,2,2,2,2
TXN0000001412,2,2,2,2,2
TXN0000001423,2,2,2,2,2
TXN0000001429,2,2,2,2,2
TXN0000001435,2,2,2,2,2
TXN0000001444,2,2,2,2,2
TXN0000001555,2,2,2,2,2
TXN0000001571,2,2,2,2,2
TXN0000001599,2,2,2,2,2
TXN0000001605,2,2,2,2,2
TXN0000001623,2,2,2,2,2
TXN0000001653,2,2,2,2,2
TXN0000001666,3,3,3,3,2
TXN0000001685,2,2,2,2,2
TXN0000001688,2,2,2,2,2
TXN0000001709,2,2,2,2,2
TXN0000001713,2,2,2,2,1
TXN0000001718,2,2,2,2,2
TXN0000001743,2,2,2,2,2
TXN0000001750,2,2,2,2,2
TXN0000001772,3,3,3,3,3
TXN0000001778,4,4,4,4,3
TXN0000001783,2,2,2,2,2
TXN0000001784,2,2,2,2,2
TXN0000001790,2,2,2,2,2
TXN0000001795,2,2,2,2,2
TXN0000001829,2,2,2,2,2
TXN0000001840,2,2,2,2,2
TXN0000001842,2,2,2,2,2
TXN0000001845,2,2,2,2,2
TXN0000001862,2,2,2,2,2
TXN0000001890,2,2,2,2,2
TXN0000001903,2,2,2,2,2
TXN0000001905,2,2,2,2,2
TXN0000001933,2,2,2,2,2
TXN0000001936,2,2,2,2,2
TXN0000001955,2,1,1,1,1
TXN0000001956,2,2,2,2,2
TXN0000001998,2,1,1,1,1
TXN0000002001,2,2,2,2,2
TXN0000002004,2,2,2,2,2
TXN0000002005,5,4,4,4,4
TXN0000002011,2,2,2,2,2
TXN0000002013,2,2,2,2,2
TXN0000002081,2,2,2,2,2
TXN0000002082,2,2,2,2,2
TXN0000002086,2,2,2,2,2
TXN0000002094,2,2,2,2,2
TXN0000002098,2,2,2,2,1
TXN0000002107,2,2,2,2,2
TXN0000002126,2,2,2,2,2
TXN0000002151,3,3,3,3,3
TXN0000002159,2,2,2,2,2
TXN0000002197,2,2,2,2,2
TXN0000002208,2,2,2,2,2
TXN0000002213,3,3,3,3,3
TXN0000002226,2,2,2,2,2
TXN0000002234,2,1,1,1,1
TXN0000002260,2,2,2,2,2
TXN0000002297,2,2,2,2,2
TXN0000002303,2,2,2,2,2
TXN0000002327,2,2,2,2,1
TXN0000002329,2,2,2,2,2
TXN0000002334,2,1,1,1,1
TXN0000002362,2,2,2,2,2
TXN0000002394,2,2,2,2,2
TXN0000002401,2,1,1,1,1
TXN0000002411,2,2,2,2,2
TXN0000002415,2,2,2,2,1
TXN0000002426,2,2,2,2,2
TXN0000002431,2,2,2,2,2
TXN0000002456,2,2,2,2,2
TXN0000002465,2,2,2,2,2
TXN0000002475,2,2,2,2,2
TXN0000002506,2,2,2,2,2
TXN0000002530,2,2,2,2,2
TXN0000002531,2,2,2,2,2
TXN0000002572,2,2,2,2,2
TXN0000002584,2,1,1,1,1
TXN0000002599,2,2,2,2,2
TXN0000002612,2,2,2,2,2
TXN0000002615,2,2,2,2,2
TXN0000002624,2,2,2,2,2
TXN0000002629,3,2,2,2,2
TXN0000002640,2,2,2,2,2
TXN0000002648,2,2,2,2,2
TXN0000002687,2,2,2,2,2
TXN0000002733,2,2,2,2,2
TXN0000002752,2,2,2,2,2
TXN0000002756,2,2,2,2,2
TXN0000002804,3,3,3,3,3
TXN0000002814,2,2,2,2,2
TXN0000002819,2,2,2,2,2
TXN0000002824,2,1,1,1,1
TXN0000002839,2,2,2,2,2
TXN0000002854,2,2,2,2,2
TXN0000002855,2,2,2,2,2
TXN0000002856,2,2,2,2,2
TXN0000002863,2,2,2,2,2
TXN0000002871,2,2,2,2,2
TXN0000002952,2,2,2,2,2
TXN0000002954,2,2,2,2,2
TXN0000002977,2,2,2,2,2
TXN0000002998,2,2,2,2,2
TXN0000003009,2,2,2,2,2
TXN0000003036,2,2,2,2,2
TXN0000003087,2,2,2,2,2
TXN0000003112,3,3,3,3,2
TXN0000003124,2,2,2,2,2
TXN0000003134,2,2,2,2,2
TXN0000003138,2,2,2,2,2
TXN0000003140,2,2,2,2,2
TXN0000003142,2,2,2,2,2
TXN0000003166,2,2,2,2,2
TXN0000003178,2,2,2,2,1
TXN0000003185,2,2,2,2,2
TXN0000003189,3,3,3,3,3
TXN0000003211,2,2,2,2,2
TXN0000003244,2,2,2,2,2
TXN0000003250,2,1,1,1,1
TXN0000003307,2,2,2,2,2
TXN0000003319,2,2,2,2,2
TXN0000003380,3,3,3,3,2
TXN0000003425,2,2,2,2,2
TXN0000003450,2,2,2,2,2
TXN0000003462,2,2,2,2,2
TXN0000003519,2,2,2,2,2
TXN0000003526,3,3,3,3,3
TXN0000003528,2,2,2,2,2
TXN0000003535,3,2,2,2,2
TXN0000003547,2,2,2,2,2
TXN0000003550,2,2,2,2,2
TXN0000003561,2,2,2,2,2
TXN0000003570,2,2,2,2,2
TXN0000003576,2,2,2,2,2
TXN0000003593,2,2,2,2,2
TXN0000003597,3,3,3,3,3
TXN0000003603,2,2,2,2,2
TXN0000003638,2,2,2,2,2
TXN0000003640,3,3,3,3,3
TXN0000003652,2,2,2,2,2
TXN0000003669,2,2,2,2,2
TXN0000003670,2,2,2,2,2
TXN0000003671,2,2,2,2,2
TXN0000003679,2,2,2,2,2
TXN0000003685,2,1,1,1,1
TXN0000003695,2,2,2,2,2
TXN0000003727,2,2,2,2,2
TXN0000003737,2,2,2,2,2
TXN0000003746,2,2,2,2,2
TXN0000003758,2,2,2,2,2
TXN0000003772,2,2,2,2,2
TXN0000003780,2,2,2,2,2
TXN0000003790,2,2,2,2,2
TXN0000003800,2,2,2,2,2
TXN0000003809,2,2,2,2,2
TXN0000003815,2,2,2,2,2
TXN0000003820,2,1,1,1,1
TXN0000003879,2,2,2,2,2
TXN0000003916,2,2,2,2,2
TXN0000003927,2,2,2,2,2
TXN0000003956,2,2,2,2,1
TXN0000003972,2,2,2,2,2
TXN0000003990,2,2,2,2,2
TXN0000004001,2,2,2,2,2
TXN0000004045,2,2,2,2,1
TXN0000004055,2,2,2,2,2
TXN0000004096,2,2,2,2,2
TXN0000004113,2,2,2,2,2
TXN0000004116,2,2,2,2,2
TXN0000004128,2,1,1,1,1
TXN0000004135,2,2,2,2,2
TXN0000004144,2,2,2,2,2
TXN0000004173,2,2,2,2,2
TXN0000004181,2,2,2,2,2
TXN0000004182,2,2,2,2,2
TXN0000004186,2,2,2,2,2
TXN0000004191,2,2,2,2,2
TXN0000004327,2,1,1,1,1
TXN0000004354,2,2,2,2,2
TXN0000004374,2,2,2,2,2
TXN0000004376,2,2,2,2,2
TXN0000004381,2,2,2,2,2
TXN0000004391,3,3,3,3,3
TXN0000004397,2,2,2,2,2
TXN0000004414,2,2,2,2,2
TXN0000004438,2,1,1,1,1
TXN0000004440,2,1,1,1,1
TXN0000004446,2,2,2,2,2
TXN0000004486,2,2,2,2,2
TXN0000004518,2,2,2,2,2
TXN0000004519,2,2,2,2,2
TXN0000004610,3,3,3,3,3
TXN0000004725,3,3,3,3,3
TXN0000004737,2,2,2,2,2
TXN0000004742,3,3,3,3,3
TXN0000004743,2,2,2,2,2
TXN0000004744,2,2,2,2,2
TXN0000004767,2,2,2,2,2
TXN0000004776,2,2,2,2,2
TXN0000004784,2,2,2,2,2
TXN0000004797,2,1,1,1,1
TXN0000004801,2,2,2,2,1
TXN0000004811,2,2,2,2,2
TXN0000004828,2,2,2,2,2
TXN0000004835,2,2,2,2,2
TXN0000004856,2,2,2,2,2
TXN0000004865,2,2,2,2,2
TXN0000004884,2,2,2,2,2
TXN0000004890,2,1,1,1,1
TXN0000004891,2,2,2,2,2
TXN0000004926,2,2,2,2,2
TXN0000004969,2,2,2,2,2
TXN0000004980,3,3,3,3,2
TXN0000004984,2,2,2,2,2
TXN0000004995,2,2,2,2,2
TXN0000005013,2,2,2,2,2
TXN0000005014,2,2,2,2,2
TXN0000005023,2,1,1,1,1
TXN0000005048,2,2,2,2,2
TXN0000005057,2,2,2,2,2
TXN0000005075,2,2,2,2,2
TXN0000005120,2,2,2,2,2
TXN0000005166,2,2,2,2,2
TXN0000005172,2,2,2,2,2
TXN0000005242,2,2,2,2,2
TXN0000005258,2,2,2,2,2
TXN0000005279,2,2,2,2,2
TXN0000005280,3,3,3,3,3
TXN0000005283,2,2,2,2,2
TXN0000005338,2,2,2,2,2
TXN0000005349,2,2,2,2,2
TXN0000005373,2,2,2,2,2
TXN0000005382,2,2,2,2,2
TXN0000005391,2,2,2,2,2
TXN0000005402,3,2,2,2,2
TXN0000005404,2,2,2,2,2
TXN0000005426,2,2,2,2,2
TXN0000005431,2,2,2,2,2
TXN0000005434,2,2,2,2,2
TXN0000005440,3,3,3,3,2
TXN0000005501,2,1,1,1,1
TXN0000005522,2,2,2,2,2
TXN0000005567,2,1,1,1,1
TXN0000005591,2,2,2,2,2
TXN0000005671,2,2,2,2,2
TXN0000005688,2,2,2,2,2
TXN0000005703,3,3,3,3,3
TXN0000005755,2,2,2,2,2
TXN0000005801,2,1,1,1,1
TXN0000005830,2,2,2,2,2
TXN0000005856,2,2,2,2,2
TXN0000005860,3,3,3,3,2
TXN0000005902,2,2,2,2,2
TXN0000005910,2,2,2,2,2
TXN0000005918,2,2,2,2,2
TXN0000005925,2,1,1,1,1
TXN0000005960,2,2,2,2,2
TXN0000005970,2,2,2,2,2
TXN0000005978,2,2,2,2,2
TXN0000006007,2,2,2,2,2
TXN0000006016,3,3,3,3,3
TXN0000006036,2,2,2,2,2
TXN0000006039,2,2,2,2,2
TXN0000006045,2,1,1,1,1
TXN0000006068,2,1,1,1,1
TXN0000006075,2,2,2,2,2
TXN0000006083,2,2,2,2,2
TXN0000006114,2,2,2,2,1
TXN0000006116,2,2,2,2,2
TXN0000006131,2,2,2,2,2
TXN0000006181,2,2,2,2,2
TXN0000006183,2,2,2,2,2
TXN0000006193,2,2,2,2,2
TXN0000006198,2,2,2,2,2
TXN0000006224,3,2,2,2,2
TXN0000006259,2,2,2,2,2
TXN0000006277,2,2,2,2,2
TXN0000006311,2,1,1,1,1
TXN0000006344,2,2,2,2,2
TXN0000006373,2,2,2,2,2
TXN0000006413,2,2,2,2,1
TXN0000006415,2,2,2,2,2
TXN0000006417,2,1,1,1,1
TXN0000006457,2,2,2,2,2
TXN0000006554,2,2,2,2,2
TXN0000006568,2,2,2,2,2
TXN0000006589,2,2,2,2,2
TXN0000006637,2,1,1,1,1
TXN0000006638,2,2,2,2,2
TXN0000006650,3,3,3,3,3
TXN0000006659,2,2,2,2,2
TXN0000006661,2,2,2,2,2
TXN0000006667,2,2,2,2,2
TXN0000006668,3,3,3,3,3
TXN0000006687,3,2,2,2,2
TXN0000006712,3,2,2,2,2
TXN0000006727,2,2,2,2,2
TXN0000006748,2,1,1,1,1
TXN0000006754,2,1,1,1,1
TXN0000006792,2,2,2,2,2
TXN0000006806,2,2,2,2,2
TXN0000006833,2,1,1,1,1
TXN0000006834,3,3,3,3,3
TXN0000006862,2,2,2,2,2
TXN0000006879,2,2,2,2,2
TXN0000006905,2,2,2,2,2
TXN0000006932,2,2,2,2,2
TXN0000006936,5,4,4,4,3
TXN0000006939,2,2,2,2,2
TXN0000006999,2,2,2,2,2
TXN0000007005,2,2,2,2,2
TXN0000007015,2,2,2,2,2
TXN0000007023,2,2,2,2,2
TXN0000007034,2,2,2,2,2
TXN0000007052,2,2,2,2,2
TXN0000007061,3,2,2,2,1
TXN0000007063,2,2,2,2,2
TXN0000007070,2,2,2,2,2
TXN0000007099,2,2,2,2,2
TXN0000007107,2,2,2,2,2
TXN0000007124,2,2,2,2,2
TXN0000007140,2,2,2,2,2
TXN0000007152,2,2,2,2,2
TXN0000007155,2,2,2,2,2
TXN0000007190,3,3,3,3,3
TXN0000007226,2,2,2,2,2
TXN0000007228,2,2,2,2,2
TXN0000007238,2,2,2,2,2
TXN0000007283,2,2,2,2,2
TXN0000007313,2,1,1,1,1
TXN0000007323,3,3,3,3,2
TXN0000007359,2,2,2,2,2
TXN0000007365,2,2,2,2,2
TXN0000007411,2,2,2,2,2
TXN0000007447,2,2,2,2,2
TXN0000007455,2,2,2,2,2
TXN0000007467,2,2,2,2,2
TXN0000007475,2,2,2,2,2
TXN0000007485,2,2,2,2,2
TXN0000007489,2,2,2,2,2
TXN0000007490,2,2,2,2,2
TXN0000007492,2,2,2,2,2
TXN0000007529,2,2,2,2,2
TXN0000007550,2,1,1,1,1
TXN0000007579,2,2,2,2,2
TXN0000007595,2,2,2,2,2
TXN0000007602,2,2,2,2,2
TXN0000007605,2,2,2,2,2
TXN0000007609,2,2,2,2,2
TXN0000007638,2,2,2,2,2
TXN0000007647,2,2,2,2,2
TXN0000007674,3,3,3,3,2
TXN0000007681,3,2,2,2,2
TXN0000007689,2,2,2,2,2
TXN0000007721,2,2,2,2,2
TXN0000007724,2,2,2,2,2
TXN0000007732,2,2,2,2,2
TXN0000007743,2,2,2,2,2
TXN0000007762,2,1,1,1,1
TXN0000007784,2,2,2,2,2
TXN0000007815,2,2,2,2,2
TXN0000007853,2,2,2,2,2
TXN0000007882,2,2,2,2,2
TXN0000007905,2,2,2,2,2
TXN0000007970,2,2,2,2,2
TXN0000007977,2,2,2,2,2
TXN0000008005,2,2,2,2,1
TXN0000008020,2,2,2,2,2
TXN0000008029,2,2,2,2,2
TXN0000008034,3,3,3,3,2
TXN0000008041,2,1,1,1,1
TXN0000008082,2,2,2,2,1
TXN0000008103,2,2,2,2,2
TXN0000008131,2,2,2,2,2
TXN0000008132,2,2,2,2,2
TXN0000008218,2,2,2,2,2
TXN0000008221,2,2,2,2,2
TXN0000008223,3,2,2,2,1
TXN0000008229,2,2,2,2,2
TXN0000008246,2,2,2,2,1
TXN0000008290,2,2,2,2,2
TXN0000008296,2,2,2,2,2
TXN0000008332,2,2,2,2,2
TXN0000008336,2,2,2,2,2
TXN0000008360,2,2,2,2,2
TXN0000008370,2,2,2,2,2
TXN0000008391,2,2,2,2,2
TXN0000008394,2,2,2,2,2
TXN0000008410,3,2,2,2,2
TXN0000008482,2,2,2,2,2
TXN0000008489,2,2,2,2,2
TXN0000008515,2,2,2,2,2
TXN0000008519,2,2,2,2,2
TXN0000008542,2,2,2,2,2
TXN0000008554,2,2,2,2,2
TXN0000008580,2,2,2,2,2
TXN0000008585,2,2,2,2,2
TXN0000008595,2,2,2,2,1
TXN0000008612,2,1,1,1,1
TXN0000008622,2,2,2,2,2
TXN0000008659,2,2,2,2,2
TXN0000008660,2,2,2,2,2
TXN0000008663,2,2,2,2,2
TXN0000008675,2,2,2,2,1
TXN0000008760,3,3,3,3,3
TXN0000008772,3,3,3,3,3
TXN0000008794,2,2,2,2,2
TXN0000008803,2,2,2,2,2
TXN0000008804,2,2,2,2,2
TXN0000008815,2,2,2,2,2
TXN0000008823,2,2,2,2,2
TXN0000008826,2,2,2,2,2
TXN0000008901,3,3,3,3,2
TXN0000008907,2,2,2,2,2
TXN0000008923,2,2,2,2,2
TXN0000008956,4,3,3,3,2
TXN0000008967,2,2,2,2,2
TXN0000008991,2,2,2,2,2
TXN0000009004,2,2,2,2,2
TXN0000009019,2,2,2,2,2
TXN0000009025,3,3,3,3,3
TXN0000009029,2,2,2,2,2
TXN0000009033,3,3,3,3,2
TXN0000009034,2,2,2,2,2
TXN0000009040,2,2,2,2,2
TXN0000009041,2,2,2,2,2
TXN0000009045,2,2,2,2,2
TXN0000009064,2,2,2,2,2
TXN0000009069,2,2,2,2,2
TXN0000009096,2,2,2,2,2
TXN0000009122,2,2,2,2,2
TXN0000009124,2,2,2,2,2
TXN0000009141,2,2,2,2,2
TXN0000009164,2,2,2,2,2
TXN0000009213,2,2,2,2,2
TXN0000009221,2,2,2,2,1
TXN0000009262,3,2,2,2,2
TXN0000009277,2,2,2,2,2
TXN0000009325,2,2,2,2,2
TXN0000009335,2,2,2,2,2
TXN0000009342,2,2,2,2,2
TXN0000009343,3,3,3,3,3
TXN0000009419,2,1,1,1,1
TXN0000009490,4,4,4,4,4
TXN0000009513,2,1,1,1,1
TXN0000009604,3,2,2,2,2
TXN0000009618,2,2,2,2,2
TXN0000009634,2,2,2,2,2
TXN0000009654,2,2,2,2,2
TXN0000009664,2,2,2,2,1
TXN0000009681,2,1,1,1,1
TXN0000009714,2,2,2,2,1
TXN0000009726,2,1,1,1,1
TXN0000009728,2,2,2,2,2
TXN0000009745,2,2,2,2,2
TXN0000009774,2,2,2,2,2
TXN0000009777,2,2,2,2,2
TXN0000009778,2,2,2,2,2
TXN0000009807,2,2,2,2,1
TXN0000009821,2,2,2,2,2
TXN0000009823,2,2,2,2,2
TXN0000009845,2,2,2,2,2
TXN0000009874,2,2,2,2,2
TXN0000009899,2,2,2,2,2
TXN0000009916,2,2,2,2,1
TXN0000009920,2,2,2,2,2
TXN0000009925,2,1,1,1,1
TXN0000009943,2,1,1,1,1
TXN0000009953,2,2,2,2,2
TXN0000009996,2,2,2,2,2
TXN0000009997,2,2,2,2,2
TXN0000010009,2,2,2,2,2
TXN0000010026,2,2,2,2,2
TXN0000010032,3,3,3,3,2
TXN0000010066,3,2,2,2,2
TXN0000010101,2,2,2,2,2
TXN0000010102,2,2,2,2,2
TXN0000010145,2,2,2,2,2
TXN0000010151,2,1,1,1,1
TXN0000010167,2,2,2,2,2
TXN0000010180,2,1,1,1,1
TXN0000010191,2,2,2,2,2
TXN0000010278,2,1,1,1,1
TXN0000010290,2,2,2,2,2
TXN0000010330,2,2,2,2,2
TXN0000010352,2,2,2,2,2
TXN0000010372,2,2,2,2,2
TXN0000010399,2,2,2,2,2
TXN0000010429,2,2,2,2,2
TXN0000010455,2,2,2,2,2
TXN0000010466,2,2,2,2,2
TXN0000010469,2,2,2,2,1
TXN0000010471,2,2,2,2,2
TXN0000010487,2,2,2,2,2
TXN0000010498,3,2,2,2,2
TXN0000010513,2,2,2,2,2
TXN0000010538,2,2,2,2,2
TXN0000010555,2,2,2,2,2
TXN0000010557,3,2,2,2,2
TXN0000010565,2,2,2,2,2
TXN0000010566,2,2,2,2,2
TXN0000010587,2,2,2,2,1
TXN0000010619,2,2,2,2,2
TXN0000010639,2,2,2,2,2
TXN0000010690,2,2,2,2,2
TXN0000010704,2,2,2,2,2
TXN0000010717,2,1,1,1,1
TXN0000010738,2,2,2,2,2
TXN0000010748,2,2,2,2,2
TXN0000010770,2,2,2,2,2
TXN0000010788,3,3,3,3,3
TXN0000010805,2,2,2,2,2
TXN0000010833,2,2,2,2,2
TXN0000010839,2,2,2,2,2
TXN0000010846,2,2,2,2,2
TXN0000010895,2,2,2,2,2
TXN0000010909,2,2,2,2,2
TXN0000010911,2,2,2,2,2
TXN0000010916,2,2,2,2,2
TXN0000010962,2,2,2,2,1
TXN0000010963,2,2,2,2,2
TXN0000010982,2,2,2,2,2
TXN0000011014,2,1,1,1,1
TXN0000011029,2,2,2,2,2
TXN0000011048,2,2,2,2,2
TXN0000011067,2,2,2,2,2
TXN0000011080,3,3,3,3,3
TXN0000011095,2,2,2,2,2
TXN0000011099,2,2,2,2,2
TXN0000011109,2,2,2,2,2
TXN0000011143,2,2,2,2,2
TXN0000011181,2,2,2,2,2
TXN0000011183,2,2,2,2,2
TXN0000011184,2,2,2,2,2
TXN0000011187,2,2,2,2,2
TXN0000011246,2,2,2,2,2
TXN0000011249,2,2,2,2,2
TXN0000011253,3,3,3,3,3
TXN0000011258,2,2,2,2,2
TXN0000011269,2,2,2,2,2
TXN0000011281,2,2,2,2,2
TXN0000011287,2,1,1,1,1
TXN0000011301,2,2,2,2,2
TXN0000011306,2,2,2,2,2
TXN0000011311,2,2,2,2,2
TXN0000011341,2,2,2,2,2
TXN0000011349,2,2,2,2,2
TXN0000011378,2,2,2,2,2
TXN0000011411,2,2,2,2,2
TXN0000011415,2,2,2,2,2
TXN0000011425,2,2,2,2,2
TXN0000011441,2,2,2,2,2
TXN0000011444,2,2,2,2,2
TXN0000011452,2,2,2,2,2
TXN0000011459,2,2,2,2,2
TXN0000011489,3,3,3,3,3
TXN0000011490,2,2,2,2,2
TXN0000011512,3,3,3,3,3
TXN0000011518,2,1,1,1,1
TXN0000011521,3,3,3,3,2
TXN0000011559,2,2,2,2,2
TXN0000011570,2,2,2,2,2
TXN0000011580,3,3,3,3,3
TXN0000011614,2,2,2,2,2
TXN0000011621,2,2,2,2,2
TXN0000011635,3,3,3,3,3
TXN0000011656,3,3,3,3,3
TXN0000011678,2,1,1,1,1
TXN0000011683,2,1,1,1,1
TXN0000011685,2,1,1,1,1
TXN0000011704,2,2,2,2,2
TXN0000011750,2,2,2,2,2
TXN0000011761,2,2,2,2,1
TXN0000011796,2,2,2,2,2
TXN0000011839,2,2,2,2,1
TXN0000011844,2,2,2,2,1
TXN0000011850,4,4,4,4,3
TXN0000011889,2,2,2,2,2
TXN0000011913,2,2,2,2,2
TXN0000011926,2,2,2,2,2
TXN0000011956,2,2,2,2,2
TXN0000012011,2,2,2,2,2
TXN0000012018,2,2,2,2,2
TXN0000012053,2,2,2,2,2
TXN0000012082,2,2,2,2,2
TXN0000012092,2,2,2,2,2
TXN0000012094,2,2,2,2,2
TXN0000012130,2,2,2,2,2
TXN0000012140,3,3,3,3,3
TXN0000012152,2,2,2,2,2
TXN0000012163,2,2,2,2,2
TXN0000012166,2,2,2,2,2
TXN0000012167,2,2,2,2,2
TXN0000012171,2,2,2,2,2
TXN0000012187,2,2,2,2,2
TXN0000012188,2,2,2,2,2
TXN0000012195,2,2,2,2,2
TXN0000012207,2,2,2,2,2
TXN0000012213,2,1,1,1,1
TXN0000012241,3,3,3,3,3
TXN0000012266,2,2,2,2,2
TXN0000012289,2,1,1,1,1
TXN0000012329,2,2,2,2,2
TXN0000012334,2,2,2,2,2
TXN0000012394,2,2,2,2,2
TXN0000012423,2,2,2,2,2
TXN0000012444,2,2,2,2,2
TXN0000012459,2,2,2,2,2
TXN0000012512,4,3,3,3,3
TXN0000012523,2,1,1,1,1
TXN0000012524,3,3,3,3,3
TXN0000012534,2,2,2,2,1
TXN0000012589,2,2,2,2,2
TXN0000012607,3,3,3,3,3
TXN0000012641,2,2,2,2,2
TXN0000012648,2,2,2,2,2
TXN0000012673,2,2,2,2,2
TXN0000012707,2,2,2,2,2
TXN0000012730,2,2,2,2,2
TXN0000012796,2,2,2,2,2
TXN0000012809,2,2,2,2,2
TXN0000012824,2,2,2,2,2
TXN0000012864,2,2,2,2,2
TXN0000012888,2,2,2,2,2
TXN0000012930,2,2,2,2,2
TXN0000012943,2,2,2,2,2
TXN0000012958,2,2,2,2,2
TXN0000012969,2,2,2,2,2
TXN0000012979,3,2,2,2,2
TXN0000013037,3,3,3,3,2
TXN0000013094,2,1,1,1,1
TXN0000013095,2,2,2,2,2
TXN0000013097,2,2,2,2,2
TXN0000013109,2,2,2,2,2
TXN0000013129,2,2,2,2,2
TXN0000013145,2,2,2,2,2
TXN0000013152,2,2,2,2,2
TXN0000013155,2,1,1,1,1
TXN0000013244,2,2,2,2,2
TXN0000013257,2,1,1,1,1
TXN0000013291,4,4,4,4,4
TXN0000013302,2,2,2,2,1
TXN0000013313,2,2,2,2,2
TXN0000013354,2,2,2,2,2
TXN0000013368,2,2,2,2,1
TXN0000013385,3,2,2,2,2
TXN0000013391,2,2,2,2,2
TXN0000013404,2,2,2,2,2
TXN0000013410,2,2,2,2,2
TXN0000013454,2,2,2,2,1
TXN0000013466,2,2,2,2,2
TXN0000013468,2,2,2,2,2
TXN0000013472,2,2,2,2,2
TXN0000013498,2,2,2,2,2
TXN0000013511,2,2,2,2,2
TXN0000013518,2,2,2,2,2
TXN0000013521,2,2,2,2,2
TXN0000013526,3,3,3,3,3
TXN0000013529,2,2,2,2,2
TXN0000013537,2,2,2,2,2
TXN0000013559,2,2,2,2,2
TXN0000013560,2,2,2,2,2
TXN0000013590,2,2,2,2,2
TXN0000013655,2,2,2,2,2
TXN0000013669,2,2,2,2,2
TXN0000013671,2,2,2,2,2
TXN0000013702,2,1,1,1,1
TXN0000013733,2,2,2,2,2
TXN0000013769,2,2,2,2,2
TXN0000013784,2,2,2,2,2
TXN0000013794,2,2,2,2,2
TXN0000013805,2,2,2,2,2
TXN0000013807,2,2,2,2,2
TXN0000013820,2,2,2,2,2
TXN0000013872,2,1,1,1,1
TXN0000013902,4,3,3,3,2
TXN0000013915,2,2,2,2,2
TXN0000013926,2,2,2,2,2
TXN0000013938,2,2,2,2,2
TXN0000013942,2,2,2,2,2
TXN0000013946,2,2,2,2,2
TXN0000013961,2,2,2,2,2
TXN0000013965,2,2,2,2,2
TXN0000013980,2,2,2,2,2
TXN0000014006,3,3,3,3,2
TXN0000014017,2,2,2,2,2
TXN0000014049,2,2,2,2,2
TXN0000014066,3,3,3,3,3
TXN0000014091,2,2,2,2,2
TXN0000014136,2,2,2,2,2
TXN0000014143,2,2,2,2,2
TXN0000014157,2,2,2,2,2
TXN0000014166,2,2,2,2,2
TXN0000014173,3,3,3,3,3
TXN0000014199,2,2,2,2,2
TXN0000014219,3,3,3,3,3
TXN0000014232,2,2,2,2,2
TXN0000014265,2,2,2,2,2
TXN0000014291,2,2,2,2,2
TXN0000014302,2,2,2,2,1
TXN0000014314,3,3,3,3,3
TXN0000014317,2,2,2,2,2
TXN0000014324,2,2,2,2,2
TXN0000014349,2,2,2,2,2
TXN0000014398,2,2,2,2,2
TXN0000014434,2,2,2,2,2
TXN0000014453,2,2,2,2,2
TXN0000014470,2,1,1,1,1
TXN0000014476,2,2,2,2,2
TXN0000014487,3,2,2,2,1
TXN0000014494,2,2,2,2,2
TXN0000014503,2,2,2,2,1
TXN0000014521,2,1,1,1,1
TXN0000014541,2,2,2,2,2
TXN0000014559,3,3,3,3,3
TXN0000014597,2,2,2,2,2
TXN0000014612,2,2,2,2,2
TXN0000014613,2,2,2,2,2
TXN0000014619,3,3,3,3,3
TXN0000014623,2,2,2,2,2
TXN0000014628,2,2,2,2,1
TXN0000014639,2,2,2,2,2
TXN0000014651,2,2,2,2,2
TXN0000014666,2,2,2,2,2
TXN0000014672,2,2,2,2,2
TXN0000014676,2,1,1,1,1
TXN0000014711,2,2,2,2,2
TXN0000014720,3,2,2,2,2
TXN0000014726,2,2,2,2,2
TXN0000014756,2,2,2,2,2
TXN0000014758,2,2,2,2,2
TXN0000014780,2,2,2,2,2
TXN0000014788,2,2,2,2,2
TXN0000014803,2,2,2,2,2
TXN0000014818,2,2,2,2,2
TXN0000014839,2,2,2,2,2
TXN0000014847,2,2,2,2,1
TXN0000014848,2,2,2,2,2
TXN0000014858,2,2,2,2,2
TXN0000014871,2,1,1,1,1
TXN0000014884,2,2,2,2,2
TXN0000014901,3,3,3,3,2
TXN0000014919,2,2,2,2,2
TXN0000014929,2,1,1,1,1
TXN0000014933,2,2,2,2,2
TXN0000014935,2,2,2,2,2
TXN0000014979,2,2,2,2,2
TXN0000015000,2,2,2,2,2
TXN0000015097,2,2,2,2,1
TXN0000015103,2,2,2,2,2
TXN0000015104,2,2,2,2,2
TXN0000015109,2,2,2,2,2
TXN0000015115,3,2,2,2,2
TXN0000015235,2,2,2,2,1
TXN0000015256,2,2,2,2,2
TXN0000015261,2,2,2,2,2
TXN0000015277,2,2,2,2,2
TXN0000015281,3,3,3,3,2
TXN0000015282,2,2,2,2,2
TXN0000015310,2,2,2,2,2
TXN0000015344,2,2,2,2,2
TXN0000015347,2,2,2,2,2
TXN0000015391,3,3,3,3,3
TXN0000015398,3,3,3,3,3
TXN0000015424,2,1,1,1,1
TXN0000015431,2,2,2,2,2
TXN0000015458,2,1,1,1,1
TXN0000015483,2,2,2,2,2
TXN0000015512,2,1,1,1,1
TXN0000015520,2,2,2,2,2
TXN0000015621,2,2,2,2,2
TXN0000015652,2,2,2,2,2
TXN0000015662,2,2,2,2,1
TXN0000015686,2,2,2,2,2
TXN0000015747,2,1,1,1,1
TXN0000015757,2,2,2,2,2
TXN0000015759,2,2,2,2,2
TXN0000015772,2,1,1,1,1
TXN0000015773,2,2,2,2,2
TXN0000015793,2,2,2,2,2
TXN0000015797,2,2,2,2,2
TXN0000015817,3,3,3,3,2
TXN0000015829,2,2,2,2,2
TXN0000015842,2,2,2,2,2
TXN0000015843,2,2,2,2,2
TXN0000015844,2,2,2,2,2
TXN0000015876,2,2,2,2,2
TXN0000015928,2,1,1,1,1
TXN0000015934,2,2,2,2,1
TXN0000015958,3,3,3,3,3
TXN0000015965,2,1,1,1,1
TXN0000015977,2,2,2,2,2
TXN0000015989,2,2,2,2,2
TXN0000016028,2,2,2,2,2
TXN0000016031,2,2,2,2,2
TXN0000016058,2,2,2,2,2
TXN0000016095,2,2,2,2,2
TXN0000016106,2,1,1,1,1
TXN0000016149,2,2,2,2,2
TXN0000016178,2,2,2,2,2
TXN0000016181,2,2,2,2,2
TXN0000016226,2,2,2,2,2
TXN0000016236,2,2,2,2,2
TXN0000016260,2,2,2,2,2
TXN0000016261,2,2,2,2,2
TXN0000016272,2,2,2,2,2
TXN0000016325,2,2,2,2,2
TXN0000016339,2,2,2,2,2
TXN0000016358,2,2,2,2,2
TXN0000016366,2,2,2,2,2
TXN0000016416,3,2,2,2,2
TXN0000016435,2,2,2,2,2
TXN0000016462,3,3,3,3,3
TXN0000016465,2,2,2,2,2
TXN0000016509,2,2,2,2,2
TXN0000016517,3,3,3,3,3
TXN0000016538,2,2,2,2,2
TXN0000016554,2,2,2,2,2
TXN0000016558,2,2,2,2,2
TXN0000016571,2,2,2,2,2
TXN0000016584,3,2,2,2,2
TXN0000016607,3,3,3,3,2
TXN0000016608,4,3,3,3,3
TXN0000016627,2,2,2,2,2
TXN0000016644,2,1,1,1,1
TXN0000016647,3,3,3,3,3
TXN0000016660,2,2,2,2,2
TXN0000016664,2,2,2,2,2
TXN0000016669,2,2,2,2,2
TXN0000016705,2,2,2,2,2
TXN0000016725,2,2,2,2,2
TXN0000016740,2,2,2,2,2
TXN0000016761,2,2,2,2,2
TXN0000016767,3,3,3,3,3
TXN0000016781,2,2,2,2,2
TXN0000016802,2,2,2,2,2
TXN0000016862,2,2,2,2,2
TXN0000016870,2,2,2,2,2
TXN0000016883,2,2,2,2,2
TXN0000016939,2,2,2,2,2
TXN0000016946,2,2,2,2,1
TXN0000016955,2,2,2,2,2
TXN0000016956,2,2,2,2,1
TXN0000016976,2,2,2,2,2
TXN0000016980,2,2,2,2,2
TXN0000016981,2,2,2,2,2
TXN0000016992,3,3,3,3,3
TXN0000017040,2,2,2,2,2
TXN0000017054,2,2,2,2,2
TXN0000017088,2,2,2,2,2
TXN0000017102,3,3,3,3,3
TXN0000017133,2,2,2,2,2
TXN0000017137,2,2,2,2,2
TXN0000017143,2,2,2,2,2
TXN0000017184,2,2,2,2,2
TXN0000017199,2,2,2,2,1
TXN0000017261,2,2,2,2,2
TXN0000017304,3,3,3,3,3
TXN0000017308,2,2,2,2,2
TXN0000017339,2,2,2,2,2
TXN0000017350,2,2,2,2,2
TXN0000017352,2,1,1,1,1
TXN0000017355,2,1,1,1,1
TXN0000017361,2,2,2,2,2
TXN0000017375,2,2,2,2,1
TXN0000017398,2,2,2,2,2
TXN0000017481,2,2,2,2,2
TXN0000017532,2,2,2,2,2
TXN0000017563,2,2,2,2,2
TXN0000017587,2,2,2,2,2
TXN0000017590,2,2,2,2,2
TXN0000017595,2,2,2,2,2
TXN0000017620,2,2,2,2,2
TXN0000017637,2,2,2,2,2
TXN0000017638,2,2,2,2,2
TXN0000017645,2,2,2,2,2
TXN0000017662,3,3,3,3,3
TXN0000017681,2,2,2,2,2
TXN0000017690,2,2,2,2,2
TXN0000017708,2,2,2,2,2
TXN0000017713,2,2,2,2,2
TXN0000017738,2,2,2,2,2
TXN0000017749,2,2,2,2,2
TXN0000017770,2,2,2,2,2
TXN0000017775,2,2,2,2,2
TXN0000017818,2,2,2,2,2
TXN0000017838,2,2,2,2,2
TXN0000017865,2,2,2,2,1
TXN0000017874,3,3,3,3,3
TXN0000017877,2,2,2,2,2
TXN0000017905,2,2,2,2,2
TXN0000017911,2,2,2,2,2
TXN0000017924,2,1,1,1,1
TXN0000017929,2,1,1,1,1
TXN0000017997,2,2,2,2,2
TXN0000018026,2,2,2,2,2
TXN0000018061,2,2,2,2,2
TXN0000018095,2,2,2,2,2
TXN0000018099,2,2,2,2,2
TXN0000018127,2,1,1,1,1
TXN0000018141,2,1,1,1,1
TXN0000018144,2,2,2,2,2
TXN0000018181,2,2,2,2,1
TXN0000018193,3,3,3,3,2
TXN0000018223,2,2,2,2,2
TXN0000018235,2,2,2,2,2
TXN0000018248,2,2,2,2,2
TXN0000018268,2,2,2,2,2
TXN0000018278,2,2,2,2,2
TXN0000018279,2,2,2,2,2
TXN0000018300,2,2,2,2,2
TXN0000018303,2,2,2,2,2
TXN0000018314,2,2,2,2,2
TXN0000018332,2,2,2,2,2
TXN0000018361,2,2,2,2,2
TXN0000018381,2,2,2,2,2
TXN0000018401,2,2,2,2,2
TXN0000018410,2,2,2,2,2
TXN0000018457,2,2,2,2,2
TXN0000018467,2,1,1,1,1
TXN0000018492,2,2,2,2,2
TXN0000018521,2,2,2,2,2
TXN0000018571,2,2,2,2,2
TXN0000018576,2,1,1,1,1
TXN0000018593,3,3,3,3,3
TXN0000018599,2,2,2,2,2
TXN0000018611,2,2,2,2,2
TXN0000018628,2,2,2,2,2
TXN0000018639,2,1,1,1,1
TXN0000018649,4,3,3,3,3
TXN0000018721,2,2,2,2,2
TXN0000018726,2,2,2,2,2
TXN0000018742,2,2,2,2,2
TXN0000018751,2,2,2,2,2
TXN0000018764,3,2,2,2,2
TXN0000018769,2,2,2,2,2
TXN0000018817,2,2,2,2,2
TXN0000018830,2,2,2,2,2
TXN0000018848,2,2,2,2,2
TXN0000018851,2,2,2,2,2
TXN0000018852,2,2,2,2,2
TXN0000018863,2,1,1,1,1
TXN0000018870,2,2,2,2,2
TXN0000018888,2,2,2,2,2
TXN0000018895,2,2,2,2,2
TXN0000018922,3,3,3,3,3
TXN0000018924,2,2,2,2,2
TXN0000018934,2,2,2,2,2
TXN0000018949,2,2,2,2,2
TXN0000018953,2,2,2,2,2
TXN0000018966,2,2,2,2,2
TXN0000018971,2,1,1,1,1
TXN0000018985,2,2,2,2,2
TXN0000019006,2,2,2,2,2
TXN0000019011,2,2,2,2,2
TXN0000019072,2,2,2,2,1
TXN0000019086,2,2,2,2,2
TXN0000019100,3,3,3,3,2
TXN0000019104,3,2,2,2,2
TXN0000019138,2,2,2,2,2
TXN0000019149,2,2,2,2,2
TXN0000019152,2,1,1,1,1
TXN0000019162,2,2,2,2,2
TXN0000019165,2,2,2,2,2
TXN0000019195,2,2,2,2,2
TXN0000019236,2,2,2,2,2
TXN0000019254,2,2,2,2,2
TXN0000019299,2,2,2,2,2
TXN0000019306,2,2,2,2,2
TXN0000019317,2,2,2,2,2
TXN0000019320,2,2,2,2,2
TXN0000019325,2,2,2,2,2
TXN0000019330,2,2,2,2,2
TXN0000019409,3,2,2,2,2
TXN0000019429,2,2,2,2,1
TXN0000019457,2,2,2,2,2
TXN0000019460,2,2,2,2,2
TXN0000019466,3,2,2,2,2
TXN0000019480,2,2,2,2,2
TXN0000019481,2,1,1,1,1
TXN0000019493,2,1,1,1,1
TXN0000019497,2,2,2,2,2
TXN0000019498,2,2,2,2,2
TXN0000019499,3,3,3,3,3
TXN0000019513,2,2,2,2,2
TXN0000019565,3,3,3,3,2
TXN0000019587,3,3,3,3,3
TXN0000019616,2,1,1,1,1
TXN0000019637,2,2,2,2,2
TXN0000019670,2,2,2,2,2
TXN0000019675,2,2,2,2,2
TXN0000019705,2,2,2,2,2
TXN0000019723,2,2,2,2,2
TXN0000019726,2,1,1,1,1
TXN0000019733,3,2,2,2,2
TXN0000019762,2,1,1,1,1
TXN0000019776,3,2,2,2,2
TXN0000019804,2,2,2,2,2
TXN0000019820,2,2,2,2,2
TXN0000019832,2,2,2,2,2
TXN0000019847,2,2,2,2,2
TXN0000019850,2,2,2,2,2
TXN0000019894,3,3,3,3,3
TXN0000019909,2,2,2,2,2
TXN0000019911,2,2,2,2,2
TXN0000019912,2,2,2,2,2
TXN0000019926,2,2,2,2,2
TXN0000019940,2,2,2,2,2
TXN0000019944,2,1,1,1,1
TXN0000019963,2,2,2,2,2
TXN0000019969,2,1,1,1,1
TXN0000019972,2,2,2,2,2
TXN0000020022,4,4,4,4,4
TXN0000020070,2,2,2,2,2
TXN0000020073,2,2,2,2,1
TXN0000020083,2,2,2,2,2
TXN0000020084,3,2,2,2,2
TXN0000020120,2,2,2,2,2
TXN0000020131,3,2,2,2,2
TXN0000020169,2,2,2,2,2
TXN0000020196,2,2,2,2,2
TXN0000020205,2,2,2,2,2
TXN0000020227,4,4,4,4,3
TXN0000020251,2,2,2,2,2
TXN0000020268,2,2,2,2,1
TXN0000020314,3,3,3,3,3
TXN0000020315,2,2,2,2,1
TXN0000020321,3,3,3,3,3
TXN0000020360,2,2,2,2,2
TXN0000020361,2,2,2,2,2
TXN0000020385,2,2,2,2,2
TXN0000020391,2,2,2,2,1
TXN0000020396,2,2,2,2,2
TXN0000020429,2,2,2,2,2
TXN0000020452,2,2,2,2,2
TXN0000020453,2,2,2,2,2
TXN0000020456,2,2,2,2,2
TXN0000020457,2,2,2,2,2
TXN0000020463,2,2,2,2,2
TXN0000020470,2,2,2,2,2
TXN0000020474,2,2,2,2,2
TXN0000020481,2,2,2,2,2
TXN0000020521,2,2,2,2,2
TXN0000020522,2,2,2,2,2
TXN0000020534,2,2,2,2,2
TXN0000020535,2,2,2,2,2
TXN0000020541,3,3,3,3,3
TXN0000020542,2,2,2,2,2
TXN0000020553,2,2,2,2,2
TXN0000020556,2,2,2,2,2
TXN0000020561,2,1,1,1,1
TXN0000020575,2,1,1,1,1
TXN0000020585,2,2,2,2,2
TXN0000020600,2,2,2,2,2
TXN0000020620,2,2,2,2,2
TXN0000020655,2,2,2,2,2
TXN0000020662,2,2,2,2,2
TXN0000020665,2,2,2,2,2
TXN0000020707,3,2,2,2,1
TXN0000020738,2,2,2,2,2
TXN0000020744,2,2,2,2,1
TXN0000020749,2,1,1,1,1
TXN0000020796,2,2,2,2,2
TXN0000020812,2,2,2,2,1
TXN0000020826,2,2,2,2,2
TXN0000020861,3,3,3,3,3
TXN0000020877,2,1,1,1,1
TXN0000020879,2,2,2,2,2
TXN0000020898,2,2,2,2,2
TXN0000020906,2,2,2,2,2
TXN0000020910,2,2,2,2,2
TXN0000020934,2,2,2,2,2
TXN0000020940,2,2,2,2,2
TXN0000020957,2,2,2,2,2
TXN0000020975,2,2,2,2,2
TXN0000020994,2,2,2,2,1
TXN0000021004,2,2,2,2,2
TXN0000021022,2,2,2,2,2
TXN0000021047,2,2,2,2,2
TXN0000021104,2,2,2,2,2
TXN0000021122,2,2,2,2,2
TXN0000021131,2,2,2,2,2
TXN0000021146,2,2,2,2,2
TXN0000021151,2,2,2,2,2
TXN0000021171,2,2,2,2,2
TXN0000021172,2,2,2,2,2
TXN0000021184,2,2,2,2,2
TXN0000021226,2,2,2,2,2
TXN0000021233,3,3,3,3,2
TXN0000021276,2,2,2,2,2
TXN0000021284,2,2,2,2,2
TXN0000021285,2,2,2,2,2
TXN0000021286,2,2,2,2,2
TXN0000021308,2,2,2,2,2
TXN0000021344,2,2,2,2,2
TXN0000021371,2,2,2,2,2
TXN0000021385,2,2,2,2,2
TXN0000021392,2,2,2,2,1
TXN0000021450,2,2,2,2,2
TXN0000021461,2,2,2,2,2
TXN0000021469,2,2,2,2,2
TXN0000021475,3,3,3,3,3
TXN0000021482,5,4,4,4,4
TXN0000021501,2,2,2,2,2
TXN0000021523,2,2,2,2,2
TXN0000021551,2,2,2,2,2
TXN0000021573,2,1,1,1,1
TXN0000021602,2,1,1,1,1
TXN0000021606,3,3,3,3,2
TXN0000021697,2,2,2,2,2
TXN0000021714,2,2,2,2,1
TXN0000021718,2,2,2,2,2
TXN0000021733,2,2,2,2,2
TXN0000021745,3,3,3,3,2
TXN0000021769,2,2,2,2,2
TXN0000021782,2,2,2,2,1
TXN0000021820,2,2,2,2,2
TXN0000021882,2,2,2,2,2
TXN0000021889,2,2,2,2,2
TXN0000021928,2,2,2,2,1
TXN0000021930,2,2,2,2,2
TXN0000021948,2,2,2,2,2
TXN0000021993,2,2,2,2,2
TXN0000022006,2,2,2,2,2
TXN0000022012,2,2,2,2,2
TXN0000022033,2,2,2,2,2
TXN0000022038,2,2,2,2,2
TXN0000022066,2,2,2,2,2
TXN0000022109,2,2,2,2,2
TXN0000022123,2,2,2,2,2
TXN0000022132,3,3,3,3,3
TXN0000022133,2,2,2,2,2
TXN0000022142,3,2,2,2,2
TXN0000022172,2,2,2,2,2
TXN0000022176,3,3,3,3,3
TXN0000022185,2,2,2,2,2
TXN0000022199,3,3,3,3,3
TXN0000022206,2,2,2,2,1
TXN0000022250,2,2,2,2,1
TXN0000022258,2,2,2,2,2
TXN0000022285,2,2,2,2,2
TXN0000022312,2,2,2,2,2
TXN0000022342,2,2,2,2,2
TXN0000022346,2,2,2,2,2
TXN0000022352,2,2,2,2,2
TXN0000022370,2,2,2,2,2
TXN0000022371,2,2,2,2,2
TXN0000022396,2,2,2,2,2
TXN0000022445,2,2,2,2,2
TXN0000022456,2,2,2,2,2
TXN0000022457,2,2,2,2,1
TXN0000022471,2,2,2,2,2
TXN0000022483,2,1,1,1,1
TXN0000022532,2,2,2,2,2
TXN0000022533,2,2,2,2,2
TXN0000022546,2,2,2,2,2
TXN0000022582,2,2,2,2,2
TXN0000022586,2,2,2,2,2
TXN0000022605,2,2,2,2,2
TXN0000022650,3,3,3,3,3
TXN0000022669,2,2,2,2,2
TXN0000022672,3,3,3,3,3
TXN0000022696,2,2,2,2,2
TXN0000022740,3,3,3,3,3
TXN0000022788,3,3,3,3,3
TXN0000022792,2,2,2,2,2
TXN0000022800,2,2,2,2,2
TXN0000022814,2,2,2,2,2
TXN0000022837,2,2,2,2,1
TXN0000022843,2,2,2,2,2
TXN0000022850,2,2,2,2,2
TXN0000022868,2,2,2,2,2
TXN0000022884,2,2,2,2,2
TXN0000022942,2,2,2,2,2
TXN0000022967,2,2,2,2,2
TXN0000022976,2,2,2,2,2
TXN0000022977,2,2,2,2,2
TXN0000022982,2,2,2,2,1
TXN0000022990,2,2,2,2,2
TXN0000023022,2,2,2,2,1
TXN0000023069,2,2,2,2,2
TXN0000023072,2,2,2,2,2
TXN0000023074,2,2,2,2,2
TXN0000023091,2,2,2,2,2
TXN0000023104,2,2,2,2,2
TXN0000023153,2,2,2,2,2
TXN0000023170,2,1,1,1,1
TXN0000023176,2,2,2,2,2
TXN0000023177,2,2,2,2,2
TXN0000023185,3,3,3,3,3
TXN0000023208,2,2,2,2,2
TXN0000023225,2,2,2,2,2
TXN0000023267,2,2,2,2,2
TXN0000023274,2,2,2,2,2
TXN0000023282,2,2,2,2,2
TXN0000023298,2,2,2,2,2
TXN0000023299,2,2,2,2,2
TXN0000023314,2,2,2,2,2
TXN0000023335,2,2,2,2,2
TXN0000023426,2,2,2,2,2
TXN0000023472,2,2,2,2,2
TXN0000023475,2,2,2,2,2
TXN0000023483,2,2,2,2,2
TXN0000023522,2,2,2,2,2
TXN0000023531,2,1,1,1,1
TXN0000023556,2,2,2,2,1
TXN0000023613,2,2,2,2,2
TXN0000023677,2,2,2,2,2
TXN0000023687,2,2,2,2,2
TXN0000023695,3,3,3,3,3
TXN0000023748,2,2,2,2,2
TXN0000023754,2,1,1,1,1
TXN0000023766,2,2,2,2,2
TXN0000023854,2,2,2,2,2
TXN0000023879,2,2,2,2,2
TXN0000023934,2,2,2,2,2
TXN0000023957,2,2,2,2,2
TXN0000023980,2,2,2,2,2
TXN0000023981,2,2,2,2,2
TXN0000024003,2,2,2,2,2
TXN0000024008,2,1,1,1,1
TXN0000024013,2,2,2,2,2
TXN0000024028,2,2,2,2,2
TXN0000024033,2,2,2,2,2
TXN0000024051,2,2,2,2,2
TXN0000024069,2,2,2,2,1
TXN0000024093,2,2,2,2,2
TXN0000024131,2,2,2,2,2
TXN0000024140,2,2,2,2,2
TXN0000024159,2,2,2,2,2
TXN0000024162,2,1,1,1,1
TXN0000024200,2,2,2,2,2
TXN0000024210,2,2,2,2,2
TXN0000024234,2,2,2,2,2
TXN0000024258,2,1,1,1,1
TXN0000024299,2,1,1,1,1
TXN0000024300,2,2,2,2,2
TXN0000024310,2,2,2,2,2
TXN0000024329,2,2,2,2,2
TXN0000024358,2,2,2,2,2
TXN0000024360,2,2,2,2,2
TXN0000024417,2,2,2,2,2
TXN0000024478,2,2,2,2,2
TXN0000024496,2,2,2,2,2
TXN0000024499,2,2,2,2,2
TXN0000024512,2,2,2,2,2
TXN0000024513,3,3,3,3,3
TXN0000024526,2,2,2,2,2
TXN0000024532,2,2,2,2,2
TXN0000024533,2,2,2,2,2
TXN0000024536,2,2,2,2,2
TXN0000024538,2,2,2,2,2
TXN0000024609,2,2,2,2,2
TXN0000024671,2,1,1,1,1
TXN0000024690,2,2,2,2,2
TXN0000024707,2,2,2,2,2
TXN0000024716,2,2,2,2,1
TXN0000024723,2,2,2,2,2
TXN0000024746,2,2,2,2,2
TXN0000024752,2,2,2,2,2
TXN0000024775,2,1,1,1,1
TXN0000024792,2,2,2,2,2
TXN0000024833,2,2,2,2,2
TXN0000024854,2,2,2,2,1
TXN0000024857,2,2,2,2,2
TXN0000024858,2,1,1,1,1
TXN0000024863,2,2,2,2,2
TXN0000024867,2,2,2,2,2
TXN0000024870,3,2,2,2,2
TXN0000024871,2,2,2,2,2
TXN0000024874,2,2,2,2,2
TXN0000024887,2,1,1,1,1
TXN0000024900,2,2,2,2,2
TXN0000024907,2,2,2,2,2
TXN0000024911,2,2,2,2,2
TXN0000024933,3,3,3,3,3
TXN0000024954,2,2,2,2,2
TXN0000024963,2,2,2,2,2
TXN0000025010,2,1,1,1,1
TXN0000025122,2,2,2,2,2
TXN0000025127,2,2,2,2,2
TXN0000025144,2,2,2,2,2
TXN0000025161,3,3,3,3,2
TXN0000025210,2,2,2,2,2
TXN0000025238,2,2,2,2,2
TXN0000025252,2,1,1,1,1
TXN0000025254,3,3,3,3,3
TXN0000025257,2,2,2,2,1
TXN0000025264,2,2,2,2,1
TXN0000025276,2,2,2,2,2
TXN0000025287,2,2,2,2,1
TXN0000025313,3,2,2,2,2
TXN0000025345,4,4,4,4,4
TXN0000025351,2,2,2,2,2
TXN0000025367,2,1,1,1,1
TXN0000025391,2,2,2,2,2
TXN0000025449,2,2,2,2,2
TXN0000025472,2,2,2,2,2
TXN0000025489,4,3,3,3,3
TXN0000025503,2,2,2,2,2
TXN0000025507,2,2,2,2,1
TXN0000025511,2,2,2,2,2
TXN0000025523,3,3,3,3,3
TXN0000025546,2,1,1,1,1
TXN0000025559,3,3,3,3,2
TXN0000025564,2,2,2,2,2
TXN0000025567,2,1,1,1,1
TXN0000025614,2,1,1,1,1
TXN0000025621,2,2,2,2,2
TXN0000025623,2,2,2,2,2
TXN0000025636,2,2,2,2,2
TXN0000025639,2,2,2,2,2
TXN0000025641,2,2,2,2,2
TXN0000025687,2,2,2,2,2
TXN0000025702,3,3,3,3,3
TXN0000025703,2,2,2,2,2
TXN0000025718,3,3,3,3,3
TXN0000025796,2,2,2,2,2
TXN0000025847,2,2,2,2,2
TXN0000025872,2,2,2,2,2
TXN0000025887,2,1,1,1,1
TXN0000025891,2,2,2,2,2
TXN0000025907,2,2,2,2,1
TXN0000025929,2,2,2,2,2
TXN0000025944,2,1,1,1,1
TXN0000025949,2,2,2,2,2
TXN0000025967,2,2,2,2,2
TXN0000025974,2,2,2,2,2
TXN0000025997,2,1,1,1,1
TXN0000026018,3,3,3,3,2
TXN0000026024,3,2,2,2,2
TXN0000026026,2,2,2,2,2
TXN0000026032,2,1,1,1,1
TXN0000026035,2,2,2,2,2
TXN0000026054,2,2,2,2,2
TXN0000026056,2,2,2,2,2
TXN0000026076,3,2,2,2,2
TXN0000026079,2,2,2,2,2
TXN0000026084,2,2,2,2,2
TXN0000026176,2,2,2,2,2
TXN0000026199,2,2,2,2,2
TXN0000026215,2,2,2,2,2
TXN0000026230,2,2,2,2,2
TXN0000026235,2,2,2,2,1
TXN0000026238,3,2,2,2,2
TXN0000026244,2,2,2,2,2
TXN0000026245,2,1,1,1,1
TXN0000026256,2,2,2,2,2
TXN0000026279,2,2,2,2,1
TXN0000026292,3,3,3,3,2
TXN0000026304,2,2,2,2,2
TXN0000026308,2,2,2,2,2
TXN0000026309,2,2,2,2,2
TXN0000026328,2,2,2,2,2
TXN0000026381,2,2,2,2,2
TXN0000026388,2,2,2,2,2
TXN0000026403,2,2,2,2,2
TXN0000026406,2,2,2,2,2
TXN0000026444,2,2,2,2,2
TXN0000026457,2,2,2,2,2
TXN0000026465,2,2,2,2,2
TXN0000026479,2,2,2,2,2
TXN0000026500,2,2,2,2,2
TXN0000026515,2,2,2,2,2
TXN0000026578,2,2,2,2,2
TXN0000026582,2,2,2,2,2
TXN0000026623,2,2,2,2,2
TXN0000026628,2,2,2,2,2
TXN0000026647,2,2,2,2,2
TXN0000026698,2,2,2,2,2
TXN0000026708,2,2,2,2,2
TXN0000026730,2,2,2,2,2
TXN0000026738,3,3,3,3,3
TXN0000026740,2,1,1,1,1
TXN0000026790,2,2,2,2,2
TXN0000026799,2,2,2,2,2
TXN0000026814,2,2,2,2,2
TXN0000026823,2,2,2,2,2
TXN0000026833,3,3,3,3,2
TXN0000026848,3,3,3,3,2
TXN0000026886,2,2,2,2,2
TXN0000026896,3,3,3,3,3
TXN0000026909,3,3,3,3,3
TXN0000026917,2,1,1,1,1
TXN0000026930,3,3,3,3,2
TXN0000026954,2,2,2,2,2
TXN0000026991,2,2,2,2,2
TXN0000027002,2,2,2,2,2
TXN0000027022,2,2,2,2,2
TXN0000027026,2,2,2,2,2
TXN0000027063,2,2,2,2,2
TXN0000027082,2,2,2,2,2
TXN0000027105,2,2,2,2,2
TXN0000027154,2,2,2,2,2
TXN0000027208,2,2,2,2,2
TXN0000027222,2,2,2,2,2
TXN0000027229,2,2,2,2,2
TXN0000027248,2,2,2,2,2
TXN0000027252,2,2,2,2,2
TXN0000027266,2,2,2,2,2
TXN0000027297,2,2,2,2,2
TXN0000027327,2,2,2,2,2
TXN0000027341,2,2,2,2,2
TXN0000027344,2,2,2,2,2
TXN0000027380,2,2,2,2,2
TXN0000027399,2,2,2,2,2
TXN0000027440,4,3,3,3,3
TXN0000027442,2,2,2,2,2
TXN0000027447,3,3,3,3,2
TXN0000027450,2,2,2,2,2
TXN0000027476,3,3,3,3,3
TXN0000027511,2,2,2,2,2
TXN0000027531,2,2,2,2,2
TXN0000027544,2,2,2,2,2
TXN0000027575,2,2,2,2,2
TXN0000027590,2,2,2,2,2
TXN0000027592,2,2,2,2,2
TXN0000027626,2,2,2,2,2
TXN0000027659,2,2,2,2,2
TXN0000027680,2,2,2,2,2
TXN0000027686,2,2,2,2,2
TXN0000027693,3,3,3,3,3
TXN0000027694,2,2,2,2,2
TXN0000027712,2,2,2,2,2
TXN0000027713,2,2,2,2,2
TXN0000027810,2,2,2,2,2
TXN0000027825,2,2,2,2,2
TXN0000027847,2,2,2,2,1
TXN0000027848,2,1,1,1,1
TXN0000027899,2,2,2,2,2
TXN0000027900,2,1,1,1,1
TXN0000027908,2,2,2,2,2
TXN0000027954,4,4,4,4,4
TXN0000027959,2,2,2,2,2
TXN0000027991,2,2,2,2,2
TXN0000028024,2,2,2,2,2
TXN0000028027,2,2,2,2,2
TXN0000028031,2,1,1,1,1
TXN0000028032,2,2,2,2,2
TXN0000028061,2,1,1,1,1
TXN0000028073,2,2,2,2,2
TXN0000028097,3,2,2,2,2
TXN0000028112,2,2,2,2,2
TXN0000028135,2,1,1,1,1
TXN0000028148,2,2,2,2,2
TXN0000028151,2,2,2,2,2
TXN0000028157,2,2,2,2,2
TXN0000028165,2,2,2,2,2
TXN0000028174,3,2,2,2,2
TXN0000028199,2,2,2,2,2
TXN0000028210,2,2,2,2,2
TXN0000028226,3,3,3,3,3
TXN0000028230,2,2,2,2,2
TXN0000028231,3,3,3,3,3
TXN0000028235,2,2,2,2,2
TXN0000028251,2,2,2,2,2
TXN0000028281,2,2,2,2,2
TXN0000028293,2,2,2,2,2
TXN0000028300,3,3,3,3,3
TXN0000028321,2,2,2,2,2
TXN0000028400,2,2,2,2,2
TXN0000028410,2,2,2,2,2
TXN0000028426,2,2,2,2,2
TXN0000028428,2,2,2,2,1
TXN0000028470,2,2,2,2,2
TXN0000028477,2,2,2,2,2
TXN0000028485,2,2,2,2,1
TXN0000028567,2,2,2,2,2
TXN0000028584,2,2,2,2,2
TXN0000028602,2,2,2,2,2
TXN0000028642,2,1,1,1,1
TXN0000028650,2,2,2,2,2
TXN0000028710,2,2,2,2,1
TXN0000028725,3,2,2,2,2
TXN0000028736,2,2,2,2,2
TXN0000028766,2,2,2,2,2
TXN0000028811,3,2,2,2,1
TXN0000028867,3,3,3,3,3
TXN0000028880,2,2,2,2,2
TXN0000028882,2,2,2,2,2
TXN0000028891,2,2,2,2,2
TXN0000028911,2,2,2,2,2
TXN0000028939,2,2,2,2,2
TXN0000028977,2,2,2,2,2
TXN0000028980,2,1,1,1,1
TXN0000029003,2,2,2,2,2
TXN0000029004,2,2,2,2,2
TXN0000029009,3,3,3,3,2
TXN0000029049,2,2,2,2,2
TXN0000029069,3,3,3,3,2
TXN0000029106,2,2,2,2,2
TXN0000029116,3,3,3,3,2
TXN0000029121,2,2,2,2,1
TXN0000029152,2,1,1,1,1
TXN0000029179,3,3,3,3,3
TXN0000029181,2,2,2,2,2
TXN0000029213,2,2,2,2,2
TXN0000029227,2,2,2,2,2
TXN0000029271,2,2,2,2,2
TXN0000029295,2,2,2,2,2
TXN0000029301,2,2,2,2,2
TXN0000029308,2,2,2,2,2
TXN0000029311,2,1,1,1,1
TXN0000029318,2,2,2,2,2
TXN0000029356,2,2,2,2,2
TXN0000029367,2,1,1,1,1
TXN0000029379,2,2,2,2,2
TXN0000029412,2,2,2,2,2
TXN0000029435,2,2,2,2,2
TXN0000029444,2,2,2,2,2
TXN0000029488,2,2,2,2,2
TXN0000029494,3,2,2,2,2
TXN0000029567,2,2,2,2,2
TXN0000029578,2,2,2,2,2
TXN0000029597,2,2,2,2,2
TXN0000029607,2,2,2,2,1
TXN0000029625,2,2,2,2,2
TXN0000029635,2,2,2,2,2
TXN0000029659,2,2,2,2,2
TXN0000029667,2,2,2,2,2
TXN0000029728,2,1,1,1,1
TXN0000029732,2,2,2,2,2
TXN0000029752,2,1,1,1,1
TXN0000029754,2,2,2,2,2
TXN0000029809,2,2,2,2,2
TXN0000029834,2,2,2,2,2
TXN0000029847,2,2,2,2,2
TXN0000029850,2,2,2,2,2
TXN0000029853,2,1,1,1,1
TXN0000029878,2,2,2,2,2
TXN0000029887,2,2,2,2,2
TXN0000029909,2,2,2,2,2
TXN0000029912,2,2,2,2,2
TXN0000029961,2,2,2,2,2
TXN0000030001,2,2,2,2,2
TXN0000030028,3,3,3,3,3
TXN0000030054,2,2,2,2,2
TXN0000030058,2,2,2,2,2
TXN0000030079,3,3,3,3,3
TXN0000030135,2,2,2,2,2
TXN0000030143,2,2,2,2,2
TXN0000030173,3,2,2,2,2
TXN0000030250,2,2,2,2,2
TXN0000030254,3,2,2,2,2
TXN0000030261,2,2,2,2,2
TXN0000030277,3,3,3,3,3
TXN0000030291,2,2,2,2,2
TXN0000030306,2,2,2,2,2
TXN0000030323,2,2,2,2,2
TXN0000030332,2,2,2,2,2
TXN0000030347,2,2,2,2,2
TXN0000030363,2,2,2,2,1
TXN0000030398,2,2,2,2,2
TXN0000030404,2,2,2,2,1
TXN0000030406,2,2,2,2,2
TXN0000030424,2,2,2,2,2
TXN0000030449,2,2,2,2,2
TXN0000030461,2,1,1,1,1
TXN0000030537,2,2,2,2,2
TXN0000030540,2,1,1,1,1
TXN0000030579,2,2,2,2,2
TXN0000030582,2,2,2,2,2
TXN0000030590,2,1,1,1,1
TXN0000030595,2,2,2,2,2
TXN0000030617,2,2,2,2,2
TXN0000030625,2,2,2,2,2
TXN0000030632,2,2,2,2,2
TXN0000030638,2,2,2,2,2
TXN0000030648,3,3,3,3,3
TXN0000030659,3,3,3,3,2
TXN0000030690,2,1,1,1,1
TXN0000030704,2,1,1,1,1
TXN0000030712,2,2,2,2,1
TXN0000030713,2,2,2,2,1
TXN0000030719,2,2,2,2,2
TXN0000030727,2,2,2,2,2
TXN0000030729,2,2,2,2,1
TXN0000030750,2,2,2,2,2
TXN0000030780,2,2,2,2,2
TXN0000030790,2,2,2,2,2
TXN0000030791,2,2,2,2,2
TXN0000030796,2,2,2,2,2
TXN0000030812,2,1,1,1,1
TXN0000030830,2,2,2,2,2
TXN0000030842,2,1,1,1,1
TXN0000030858,3,3,3,3,3
TXN0000030861,2,2,2,2,2
TXN0000030863,2,2,2,2,2
TXN0000030906,2,2,2,2,2
TXN0000030916,2,2,2,2,2
TXN0000030933,2,2,2,2,2
TXN0000030935,2,1,1,1,1
TXN0000030949,2,2,2,2,2
TXN0000030969,2,2,2,2,2
TXN0000030978,3,3,3,3,3
TXN0000030979,3,3,3,3,3
TXN0000031010,2,2,2,2,2
TXN0000031024,2,1,1,1,1
TXN0000031037,2,2,2,2,2
TXN0000031077,2,2,2,2,2
TXN0000031078,2,1,1,1,1
TXN0000031085,2,2,2,2,2
TXN0000031109,2,2,2,2,2
TXN0000031135,2,2,2,2,1
TXN0000031139,2,2,2,2,2
TXN0000031145,2,2,2,2,2
TXN0000031219,2,2,2,2,2
TXN0000031248,2,1,1,1,1
TXN0000031249,2,2,2,2,1
TXN0000031265,2,2,2,2,2
TXN0000031279,2,2,2,2,2
TXN0000031294,2,2,2,2,2
TXN0000031309,2,2,2,2,2
TXN0000031310,2,2,2,2,2
TXN0000031340,2,2,2,2,2
TXN0000031441,2,1,1,1,1
TXN0000031462,2,2,2,2,2
TXN0000031494,2,2,2,2,2
TXN0000031501,3,3,3,3,3
TXN0000031523,2,2,2,2,2
TXN0000031529,2,2,2,2,2
TXN0000031531,3,3,3,3,3
TXN0000031551,2,2,2,2,1
TXN0000031589,2,2,2,2,2
TXN0000031606,2,2,2,2,2
TXN0000031608,2,1,1,1,1
TXN0000031620,3,3,3,3,3
TXN0000031645,2,2,2,2,2
TXN0000031651,3,3,3,3,2
TXN0000031653,2,2,2,2,2
TXN0000031659,2,1,1,1,1
TXN0000031702,2,2,2,2,2
TXN0000031769,3,2,2,2,2
TXN0000031778,2,1,1,1,1
TXN0000031786,2,2,2,2,1
TXN0000031821,2,2,2,2,2
TXN0000031841,2,2,2,2,2
TXN0000031848,3,3,3,3,3
TXN0000031859,2,2,2,2,2
TXN0000031860,2,2,2,2,2
TXN0000031861,2,2,2,2,2
TXN0000031871,2,2,2,2,2
TXN0000031918,2,2,2,2,2
TXN0000031922,2,2,2,2,2
TXN0000031933,2,2,2,2,2
TXN0000031943,2,2,2,2,2
TXN0000031976,3,2,2,2,2
TXN0000032003,2,2,2,2,2
TXN0000032016,3,2,2,2,2
TXN0000032055,2,2,2,2,2
TXN0000032068,3,3,3,3,3
TXN0000032071,2,2,2,2,1
TXN0000032092,2,2,2,2,2
TXN0000032105,2,2,2,2,2
TXN0000032119,2,1,1,1,1
TXN0000032133,2,2,2,2,2
TXN0000032148,2,2,2,2,2
TXN0000032235,2,2,2,2,2
TXN0000032254,2,2,2,2,2
TXN0000032260,3,3,3,3,3
TXN0000032270,2,2,2,2,2
TXN0000032271,3,3,3,3,2
TXN0000032278,2,2,2,2,2
TXN0000032306,2,2,2,2,1
TXN0000032315,2,2,2,2,2
TXN0000032340,4,3,3,3,3
TXN0000032385,2,2,2,2,2
TXN0000032399,2,2,2,2,1
TXN0000032422,2,2,2,2,2
TXN0000032432,2,2,2,2,2
TXN0000032493,2,1,1,1,1
TXN0000032502,2,2,2,2,2
TXN0000032512,2,2,2,2,2
TXN0000032526,2,2,2,2,2
TXN0000032527,2,2,2,2,2
TXN0000032537,2,2,2,2,2
TXN0000032591,2,2,2,2,2
TXN0000032594,2,1,1,1,1
TXN0000032600,2,1,1,1,1
TXN0000032601,2,2,2,2,2
TXN0000032619,2,2,2,2,2
TXN0000032621,2,2,2,2,2
TXN0000032631,2,2,2,2,2
TXN0000032641,2,2,2,2,2
TXN0000032663,2,2,2,2,2
TXN0000032669,4,4,4,4,3
TXN0000032695,2,2,2,2,2
TXN0000032725,2,2,2,2,2
TXN0000032747,2,2,2,2,2
TXN0000032750,2,2,2,2,2
TXN0000032766,2,2,2,2,2
TXN0000032794,2,2,2,2,2
TXN0000032805,2,2,2,2,2
TXN0000032823,2,2,2,2,2
TXN0000032830,2,2,2,2,2
TXN0000032869,3,3,3,3,3
TXN0000032884,2,2,2,2,2
TXN0000032940,2,2,2,2,2
TXN0000032942,2,2,2,2,2
TXN0000032971,2,2,2,2,2
TXN0000032983,2,2,2,2,2
TXN0000033022,2,2,2,2,2
TXN0000033038,4,4,4,4,3
TXN0000033044,2,2,2,2,2
TXN0000033051,3,3,3,3,3
TXN0000033065,2,2,2,2,2
TXN0000033069,2,2,2,2,2
TXN0000033078,2,1,1,1,1
TXN0000033081,2,2,2,2,2
TXN0000033096,2,2,2,2,2
TXN0000033116,2,2,2,2,2
TXN0000033182,2,2,2,2,2
TXN0000033187,2,2,2,2,2
TXN0000033202,2,1,1,1,1
TXN0000033211,2,1,1,1,1
TXN0000033235,2,2,2,2,2
TXN0000033265,2,2,2,2,2
TXN0000033288,2,2,2,2,2
TXN0000033303,2,1,1,1,1
TXN0000033305,2,2,2,2,2
TXN0000033314,2,2,2,2,2
TXN0000033317,2,2,2,2,2
TXN0000033349,2,2,2,2,2
TXN0000033365,2,2,2,2,2
TXN0000033379,2,2,2,2,2
TXN0000033384,2,2,2,2,2
TXN0000033416,2,2,2,2,2
TXN0000033432,2,2,2,2,2
TXN0000033472,2,2,2,2,2
TXN0000033484,2,2,2,2,2
TXN0000033513,2,2,2,2,2
TXN0000033523,2,2,2,2,2
TXN0000033537,2,2,2,2,2
TXN0000033552,2,2,2,2,2
TXN0000033577,2,2,2,2,2
TXN0000033580,2,2,2,2,2
TXN0000033588,2,2,2,2,2
TXN0000033606,3,3,3,3,3
TXN0000033611,2,2,2,2,2
TXN0000033628,2,2,2,2,2
TXN0000033637,2,2,2,2,2
TXN0000033650,2,2,2,2,2
TXN0000033659,2,2,2,2,2
TXN0000033661,2,2,2,2,2
TXN0000033665,2,2,2,2,2
TXN0000033678,2,2,2,2,2
TXN0000033707,2,2,2,2,2
TXN0000033719,2,2,2,2,2
TXN0000033723,2,1,1,1,1
TXN0000033800,2,2,2,2,2
TXN0000033804,2,2,2,2,2
TXN0000033812,2,2,2,2,2
TXN0000033863,2,2,2,2,2
TXN0000033869,2,1,1,1,1
TXN0000033884,2,2,2,2,2
TXN0000033897,2,2,2,2,2
TXN0000033914,2,2,2,2,2
TXN0000033941,2,2,2,2,2
TXN0000033985,2,1,1,1,1
TXN0000034020,2,2,2,2,2
TXN0000034031,2,2,2,2,2
TXN0000034032,2,1,1,1,1
TXN0000034037,3,3,3,3,3
TXN0000034086,2,2,2,2,2
TXN0000034094,3,2,2,2,2
TXN0000034114,2,2,2,2,2
TXN0000034116,2,2,2,2,2
TXN0000034128,2,2,2,2,2
TXN0000034132,2,2,2,2,2
TXN0000034145,2,2,2,2,2
TXN0000034158,3,3,3,3,2
TXN0000034171,2,2,2,2,2
TXN0000034192,2,2,2,2,2
TXN0000034246,2,2,2,2,1
TXN0000034259,2,2,2,2,2
TXN0000034262,2,2,2,2,2
TXN0000034294,2,2,2,2,2
TXN0000034299,2,1,1,1,1
TXN0000034319,2,2,2,2,2
TXN0000034320,3,3,3,3,3
TXN0000034335,2,1,1,1,1
TXN0000034378,3,2,2,2,2
TXN0000034389,2,2,2,2,2
TXN0000034404,2,2,2,2,2
TXN0000034452,2,2,2,2,2
TXN0000034461,2,2,2,2,2
TXN0000034463,2,2,2,2,1
TXN0000034474,2,2,2,2,2
TXN0000034495,2,2,2,2,2
TXN0000034502,2,2,2,2,2
TXN0000034509,3,3,3,3,3
TXN0000034525,2,2,2,2,2
TXN0000034533,2,2,2,2,2
TXN0000034585,3,3,3,3,3
TXN0000034595,2,2,2,2,2
TXN0000034634,2,2,2,2,2
TXN0000034637,2,2,2,2,2
TXN0000034653,2,1,1,1,1
TXN0000034659,2,2,2,2,2
TXN0000034671,3,3,3,3,3
TXN0000034716,2,2,2,2,2
TXN0000034765,2,2,2,2,2
TXN0000034777,2,1,1,1,1
TXN0000034789,2,1,1,1,1
TXN0000034803,2,1,1,1,1
TXN0000034814,2,2,2,2,2
TXN0000034819,2,2,2,2,2
TXN0000034849,2,2,2,2,2
TXN0000034890,2,2,2,2,2
TXN0000034903,2,2,2,2,2
TXN0000034919,2,2,2,2,2
TXN0000034931,2,2,2,2,2
TXN0000034938,2,2,2,2,2
TXN0000035005,2,1,1,1,1
TXN0000035024,2,2,2,2,2
TXN0000035032,2,2,2,2,2
TXN0000035037,2,2,2,2,2
TXN0000035096,2,1,1,1,1
TXN0000035121,2,2,2,2,2
TXN0000035156,2,1,1,1,1
TXN0000035167,2,2,2,2,2
TXN0000035168,2,2,2,2,2
TXN0000035172,2,2,2,2,2
TXN0000035175,3,3,3,3,3
TXN0000035288,2,2,2,2,2
TXN0000035313,2,1,1,1,1
TXN0000035357,2,2,2,2,2
TXN0000035366,2,2,2,2,2
TXN0000035401,2,2,2,2,2
TXN0000035434,2,2,2,2,2
TXN0000035442,2,2,2,2,2
TXN0000035447,2,2,2,2,2
TXN0000035449,2,2,2,2,2
TXN0000035450,2,2,2,2,2
TXN0000035499,3,2,2,2,2
TXN0000035510,3,3,3,3,2
TXN0000035515,2,2,2,2,1
TXN0000035521,2,2,2,2,2
TXN0000035554,2,2,2,2,2
TXN0000035558,2,2,2,2,2
TXN0000035578,3,3,3,3,3
TXN0000035620,2,2,2,2,2
TXN0000035709,2,2,2,2,2
TXN0000035736,2,2,2,2,2
TXN0000035740,2,2,2,2,2
TXN0000035783,2,2,2,2,2
TXN0000035788,2,2,2,2,2
TXN0000035832,2,2,2,2,2
TXN0000035838,2,2,2,2,2
TXN0000035846,2,2,2,2,2
TXN0000035849,2,2,2,2,2
TXN0000035880,2,2,2,2,2
TXN0000035881,2,2,2,2,2
TXN0000035901,2,2,2,2,1
TXN0000035915,2,2,2,2,2
TXN0000035923,2,2,2,2,2
TXN0000035935,3,3,3,3,3
TXN0000035952,2,2,2,2,2
TXN0000035992,2,1,1,1,1
TXN0000036045,2,2,2,2,1
TXN0000036049,3,3,3,3,2
TXN0000036069,2,2,2,2,2
TXN0000036078,2,2,2,2,2
TXN0000036097,2,1,1,1,1
TXN0000036132,2,2,2,2,2
TXN0000036136,2,2,2,2,2
TXN0000036140,2,2,2,2,1
TXN0000036174,2,2,2,2,2
TXN0000036181,2,2,2,2,2
TXN0000036226,2,2,2,2,2
TXN0000036230,2,2,2,2,2
TXN0000036232,2,2,2,2,2
TXN0000036247,2,1,1,1,1
TXN0000036285,2,1,1,1,1
TXN0000036290,2,2,2,2,2
TXN0000036293,2,2,2,2,2
TXN0000036327,2,2,2,2,2
TXN0000036347,3,2,2,2,2
TXN0000036359,3,3,3,3,3
TXN0000036378,2,2,2,2,2
TXN0000036379,2,2,2,2,2
TXN0000036489,2,2,2,2,2
TXN0000036492,2,2,2,2,2
TXN0000036515,2,2,2,2,2
TXN0000036573,2,2,2,2,2
TXN0000036586,2,2,2,2,2
TXN0000036603,2,2,2,2,2
TXN0000036628,2,2,2,2,2
TXN0000036644,3,3,3,3,2
TXN0000036649,2,2,2,2,2
TXN0000036696,3,2,2,2,2
TXN0000036706,2,2,2,2,2
TXN0000036717,2,2,2,2,2
TXN0000036719,2,2,2,2,2
TXN0000036722,2,2,2,2,2
TXN0000036749,3,2,2,2,2
TXN0000036767,2,2,2,2,2
TXN0000036804,2,2,2,2,2
TXN0000036817,2,2,2,2,2
TXN0000036828,2,2,2,2,2
TXN0000036847,2,2,2,2,2
TXN0000036884,2,2,2,2,2
TXN0000036901,2,2,2,2,2
TXN0000036980,2,2,2,2,2
TXN0000037001,2,2,2,2,2
TXN0000037020,2,2,2,2,2
TXN0000037053,2,2,2,2,1
TXN0000037070,2,1,1,1,1
TXN0000037087,2,2,2,2,2
TXN0000037089,4,3,3,3,3
TXN0000037094,2,2,2,2,2
TXN0000037128,2,2,2,2,2
TXN0000037129,3,3,3,3,3
TXN0000037146,3,3,3,3,3
TXN0000037150,2,1,1,1,1
TXN0000037162,2,2,2,2,2
TXN0000037172,2,2,2,2,2
TXN0000037195,2,2,2,2,2
TXN0000037198,2,2,2,2,2
TXN0000037203,2,2,2,2,2
TXN0000037234,2,2,2,2,2
TXN0000037243,4,3,3,3,3
TXN0000037245,2,2,2,2,2
TXN0000037264,2,2,2,2,2
TXN0000037270,2,2,2,2,1
TXN0000037362,2,2,2,2,2
TXN0000037365,2,2,2,2,2
TXN0000037377,2,2,2,2,2
TXN0000037385,2,2,2,2,2
TXN0000037399,2,2,2,2,2
TXN0000037401,2,1,1,1,1
TXN0000037402,4,4,4,4,2
TXN0000037415,2,2,2,2,2
TXN0000037432,2,2,2,2,2
TXN0000037436,2,2,2,2,2
TXN0000037437,2,2,2,2,2
TXN0000037460,4,4,4,4,3
TXN0000037508,2,2,2,2,2
TXN0000037514,2,2,2,2,2
TXN0000037537,2,1,1,1,1
TXN0000037539,2,2,2,2,2
TXN0000037544,2,2,2,2,2
TXN0000037551,2,2,2,2,2
TXN0000037583,2,2,2,2,2
TXN0000037604,2,2,2,2,2
TXN0000037630,2,2,2,2,2
TXN0000037631,2,2,2,2,2
TXN0000037638,3,3,3,3,3
TXN0000037671,2,2,2,2,2
TXN0000037673,2,2,2,2,2
TXN0000037687,2,2,2,2,1
TXN0000037688,2,2,2,2,2
TXN0000037691,3,2,2,2,2
TXN0000037700,3,3,3,3,3
TXN0000037729,2,2,2,2,2
TXN0000037784,2,2,2,2,2
TXN0000037814,3,3,3,3,3
TXN0000037823,2,2,2,2,2
TXN0000037830,2,2,2,2,2
TXN0000037834,2,2,2,2,2
TXN0000037835,3,2,2,2,1
TXN0000037836,3,2,2,2,2
TXN0000037853,2,2,2,2,2
TXN0000037881,3,2,2,2,2
TXN0000037926,2,2,2,2,2
TXN0000037938,2,2,2,2,2
TXN0000037970,3,3,3,3,3
TXN0000037973,2,2,2,2,2
TXN0000037975,2,2,2,2,2
TXN0000038016,2,2,2,2,2
TXN0000038020,2,2,2,2,2
TXN0000038035,2,2,2,2,2
TXN0000038041,2,2,2,2,2
TXN0000038044,2,2,2,2,2
TXN0000038060,3,3,3,3,3
TXN0000038082,2,1,1,1,1
TXN0000038089,2,2,2,2,2
TXN0000038106,2,2,2,2,2
TXN0000038123,2,1,1,1,1
TXN0000038152,2,2,2,2,2
TXN0000038154,2,2,2,2,2
TXN0000038165,2,2,2,2,2
TXN0000038171,2,1,1,1,1
TXN0000038182,2,2,2,2,2
TXN0000038191,2,2,2,2,2
TXN0000038213,2,1,1,1,1
TXN0000038215,2,2,2,2,2
TXN0000038254,2,1,1,1,1
TXN0000038287,2,1,1,1,1
TXN0000038289,2,1,1,1,1
TXN0000038302,2,1,1,1,1
TXN0000038308,2,1,1,1,1
TXN0000038337,2,1,1,1,1
TXN0000038350,2,2,2,2,2
TXN0000038358,2,2,2,2,2
TXN0000038375,2,2,2,2,2
TXN0000038388,2,2,2,2,2
TXN0000038394,2,2,2,2,2
TXN0000038413,2,2,2,2,2
TXN0000038415,2,1,1,1,1
TXN0000038439,2,2,2,2,2
TXN0000038450,2,2,2,2,2
TXN0000038478,2,2,2,2,2
TXN0000038489,2,2,2,2,2
TXN0000038496,2,2,2,2,2
TXN0000038516,3,3,3,3,3
TXN0000038517,2,2,2,2,1
TXN0000038541,2,2,2,2,2
TXN0000038549,2,2,2,2,2
TXN0000038566,2,1,1,1,1
TXN0000038567,2,1,1,1,1
TXN0000038589,3,3,3,3,3
TXN0000038592,2,2,2,2,2
TXN0000038596,2,1,1,1,1
TXN0000038626,2,2,2,2,2
TXN0000038698,2,2,2,2,2
TXN0000038728,2,2,2,2,2
TXN0000038770,2,2,2,2,2
TXN0000038807,2,2,2,2,2
TXN0000038834,2,2,2,2,2
TXN0000038838,2,2,2,2,2
TXN0000038859,2,2,2,2,2
TXN0000038862,2,2,2,2,2
TXN0000038883,2,2,2,2,2
TXN0000038888,2,2,2,2,2
TXN0000038905,2,2,2,2,2
TXN0000038950,2,2,2,2,2
TXN0000038984,2,2,2,2,2
TXN0000038987,2,2,2,2,2
TXN0000038991,2,2,2,2,2
TXN0000039001,2,2,2,2,2
TXN0000039018,2,2,2,2,2
TXN0000039049,3,3,3,3,3
TXN0000039072,2,2,2,2,2
TXN0000039086,2,2,2,2,2
TXN0000039096,4,4,4,4,4
TXN0000039111,2,2,2,2,2
TXN0000039120,2,2,2,2,2
TXN0000039144,2,2,2,2,2
TXN0000039173,2,2,2,2,2
TXN0000039185,2,2,2,2,2
TXN0000039203,2,2,2,2,2
TXN0000039204,2,2,2,2,2
TXN0000039205,2,2,2,2,2
TXN0000039210,2,2,2,2,2
TXN0000039233,3,2,2,2,1
TXN0000039235,2,2,2,2,2
TXN0000039284,2,1,1,1,1
TXN0000039286,2,2,2,2,2
TXN0000039289,2,1,1,1,1
TXN0000039295,2,2,2,2,2
TXN0000039298,2,2,2,2,2
TXN0000039300,2,2,2,2,1
TXN0000039316,3,2,2,2,2
TXN0000039321,2,2,2,2,2
TXN0000039323,2,2,2,2,2
TXN0000039330,2,2,2,2,2
TXN0000039353,2,2,2,2,2
TXN0000039357,2,2,2,2,2
TXN0000039372,2,2,2,2,2
TXN0000039393,2,2,2,2,2
TXN0000039428,2,2,2,2,2
TXN0000039434,2,2,2,2,2
TXN0000039440,2,2,2,2,2
TXN0000039454,2,2,2,2,2
TXN0000039462,3,2,2,2,2
TXN0000039495,2,2,2,2,2
TXN0000039520,2,2,2,2,2
TXN0000039528,2,2,2,2,2
TXN0000039532,2,2,2,2,2
TXN0000039580,2,2,2,2,1
TXN0000039583,2,2,2,2,2
TXN0000039618,2,2,2,2,2
TXN0000039626,2,2,2,2,2
TXN0000039672,2,2,2,2,2
TXN0000039699,2,2,2,2,2
TXN0000039754,2,1,1,1,1
TXN0000039770,2,2,2,2,2
TXN0000039783,2,2,2,2,2
TXN0000039801,3,3,3,3,3
TXN0000039830,2,2,2,2,2
TXN0000039862,2,2,2,2,2
TXN0000039870,2,2,2,2,2
TXN0000039883,2,2,2,2,2
TXN0000039891,2,1,1,1,1
TXN0000039904,2,2,2,2,2
TXN0000039905,2,2,2,2,2
TXN0000039950,2,2,2,2,2
TXN0000039964,2,2,2,2,2
TXN0000039968,3,2,2,2,2
TXN0000039976,2,2,2,2,2
TXN0000040025,2,2,2,2,2
TXN0000040032,2,2,2,2,2
TXN0000040045,2,2,2,2,2
TXN0000040048,2,2,2,2,2
TXN0000040050,2,2,2,2,2
TXN0000040058,2,2,2,2,2
TXN0000040068,2,2,2,2,1
TXN0000040074,2,2,2,2,2
TXN0000040092,2,2,2,2,2
TXN0000040111,2,2,2,2,2
TXN0000040114,2,2,2,2,2
TXN0000040128,2,2,2,2,2
TXN0000040150,2,2,2,2,1
TXN0000040211,2,2,2,2,2
TXN0000040232,2,2,2,2,2
TXN0000040249,2,2,2,2,2
TXN0000040261,2,2,2,2,2
TXN0000040272,2,2,2,2,2
TXN0000040302,3,3,3,3,3
TXN0000040303,3,3,3,3,3
TXN0000040313,2,2,2,2,2
TXN0000040326,3,3,3,3,3
TXN0000040329,2,2,2,2,1
TXN0000040338,2,1,1,1,1
TXN0000040351,2,2,2,2,2
TXN0000040367,3,3,3,3,3
TXN0000040413,2,2,2,2,2
TXN0000040452,2,2,2,2,2
TXN0000040458,3,3,3,3,2
TXN0000040488,2,2,2,2,2
TXN0000040519,2,1,1,1,1
TXN0000040521,2,1,1,1,1
TXN0000040530,2,2,2,2,2
TXN0000040547,2,2,2,2,2
TXN0000040552,2,2,2,2,2
TXN0000040569,2,2,2,2,2
TXN0000040607,2,2,2,2,2
TXN0000040628,2,2,2,2,2
TXN0000040632,2,2,2,2,2
TXN0000040661,2,2,2,2,2
TXN0000040693,2,2,2,2,2
TXN0000040694,2,2,2,2,2
TXN0000040698,2,2,2,2,2
TXN0000040711,2,2,2,2,2
TXN0000040753,2,2,2,2,2
TXN0000040768,2,2,2,2,2
TXN0000040781,2,2,2,2,2
TXN0000040788,2,2,2,2,2
TXN0000040796,2,2,2,2,2
TXN0000040808,2,2,2,2,2
TXN0000040845,2,2,2,2,2
TXN0000040856,2,2,2,2,2
TXN0000040868,3,2,2,2,2
TXN0000040890,2,2,2,2,2
TXN0000040895,2,2,2,2,2
TXN0000040898,2,2,2,2,2
TXN0000040910,2,1,1,1,1
TXN0000040914,2,1,1,1,1
TXN0000040933,2,2,2,2,2
TXN0000040987,2,2,2,2,2
TXN0000041009,2,2,2,2,2
TXN0000041023,2,2,2,2,2
TXN0000041039,2,2,2,2,2
TXN0000041065,2,2,2,2,2
TXN0000041075,3,3,3,3,3
TXN0000041191,2,2,2,2,2
TXN0000041192,2,2,2,2,2
TXN0000041195,3,2,2,2,1
TXN0000041206,2,2,2,2,2
TXN0000041215,2,2,2,2,2
TXN0000041284,3,3,3,3,2
TXN0000041334,2,2,2,2,2
TXN0000041399,2,1,1,1,1
TXN0000041402,2,2,2,2,2
TXN0000041404,2,1,1,1,1
TXN0000041414,2,2,2,2,2
TXN0000041456,2,2,2,2,2
TXN0000041457,2,2,2,2,2
TXN0000041479,2,2,2,2,2
TXN0000041500,2,2,2,2,2
TXN0000041513,2,2,2,2,2
TXN0000041543,2,2,2,2,2
TXN0000041604,2,2,2,2,2
TXN0000041606,2,2,2,2,2
TXN0000041611,3,2,2,2,2
TXN0000041615,2,2,2,2,2
TXN0000041618,2,2,2,2,2
TXN0000041619,2,2,2,2,2
TXN0000041630,2,2,2,2,2
TXN0000041641,2,2,2,2,2
TXN0000041655,2,2,2,2,2
TXN0000041683,2,2,2,2,2
TXN0000041686,2,2,2,2,2
TXN0000041689,2,2,2,2,2
TXN0000041704,3,2,2,2,2
TXN0000041709,2,2,2,2,2
TXN0000041722,2,2,2,2,1
TXN0000041780,2,2,2,2,2
TXN0000041798,2,2,2,2,2
TXN0000041799,2,2,2,2,2
TXN0000041819,2,2,2,2,2
TXN0000041832,2,2,2,2,2
TXN0000041839,2,2,2,2,2
TXN0000041848,2,2,2,2,2
TXN0000041859,2,2,2,2,2
TXN0000041887,2,2,2,2,2
TXN0000041899,2,2,2,2,2
TXN0000041912,2,2,2,2,2
TXN0000041929,2,2,2,2,2
TXN0000041951,3,3,3,3,3
TXN0000041954,2,2,2,2,1
TXN0000041983,2,2,2,2,2
TXN0000042002,2,2,2,2,2
TXN0000042018,2,2,2,2,2
TXN0000042033,2,2,2,2,2
TXN0000042041,2,2,2,2,2
TXN0000042064,2,2,2,2,2
TXN0000042078,2,2,2,2,2
TXN0000042122,2,2,2,2,2
TXN0000042163,3,2,2,2,2
TXN0000042168,2,1,1,1,1
TXN0000042238,2,2,2,2,2
TXN0000042266,2,2,2,2,2
TXN0000042270,2,2,2,2,2
TXN0000042295,2,2,2,2,1
TXN0000042301,2,2,2,2,2
TXN0000042360,2,2,2,2,2
TXN0000042384,2,1,1,1,1
TXN0000042400,2,2,2,2,2
TXN0000042443,3,2,2,2,2
TXN0000042464,2,2,2,2,2
TXN0000042472,2,2,2,2,2
TXN0000042498,2,2,2,2,2
TXN0000042506,2,2,2,2,2
TXN0000042527,2,2,2,2,2
TXN0000042539,3,3,3,3,2
TXN0000042556,2,2,2,2,2
TXN0000042583,3,3,3,3,3
TXN0000042590,2,2,2,2,2
TXN0000042599,3,3,3,3,3
TXN0000042614,2,2,2,2,2
TXN0000042618,2,2,2,2,2
TXN0000042633,2,2,2,2,2
TXN0000042643,3,3,3,3,3
TXN0000042650,2,2,2,2,2
TXN0000042675,2,2,2,2,1
TXN0000042691,3,2,2,2,1
TXN0000042700,2,2,2,2,2
TXN0000042703,2,2,2,2,2
TXN0000042711,2,2,2,2,2
TXN0000042712,2,2,2,2,2
TXN0000042727,2,2,2,2,2
TXN0000042754,2,1,1,1,1
TXN0000042765,2,2,2,2,2
TXN0000042770,2,2,2,2,2
TXN0000042771,2,2,2,2,2
TXN0000042772,2,1,1,1,1
TXN0000042774,2,2,2,2,2
TXN0000042816,2,2,2,2,2
TXN0000042895,2,2,2,2,2
TXN0000042898,2,2,2,2,2
TXN0000042908,2,2,2,2,2
TXN0000042916,2,2,2,2,2
TXN0000042954,2,2,2,2,2
TXN0000042964,2,2,2,2,2
TXN0000043032,2,2,2,2,2
TXN0000043087,2,2,2,2,2
TXN0000043093,2,2,2,2,2
TXN0000043100,2,2,2,2,2
TXN0000043150,2,2,2,2,2
TXN0000043153,2,2,2,2,2
TXN0000043172,2,2,2,2,2
TXN0000043192,2,1,1,1,1
TXN0000043225,3,3,3,3,3
TXN0000043240,2,2,2,2,2
TXN0000043252,2,2,2,2,1
TXN0000043280,2,2,2,2,2
TXN0000043286,3,3,3,3,3
TXN0000043354,2,2,2,2,2
TXN0000043361,2,2,2,2,2
TXN0000043365,2,2,2,2,2
TXN0000043366,2,2,2,2,2
TXN0000043367,2,2,2,2,2
TXN0000043377,2,2,2,2,2
TXN0000043379,2,2,2,2,2
TXN0000043418,2,1,1,1,1
TXN0000043424,3,3,3,3,2
TXN0000043506,2,2,2,2,2
TXN0000043516,2,2,2,2,2
TXN0000043538,2,2,2,2,2
TXN0000043556,2,2,2,2,2
TXN0000043590,2,2,2,2,2
TXN0000043615,2,2,2,2,2
TXN0000043620,2,2,2,2,2
TXN0000043645,2,2,2,2,2
TXN0000043654,2,2,2,2,2
TXN0000043693,2,2,2,2,2
TXN0000043724,2,2,2,2,2
TXN0000043776,2,2,2,2,2
TXN0000043803,3,3,3,3,3
TXN0000043815,2,2,2,2,2
TXN0000043834,2,2,2,2,2
TXN0000043859,2,2,2,2,2
TXN0000043876,3,3,3,3,3
TXN0000043950,2,2,2,2,2
TXN0000043963,3,3,3,3,3
TXN0000043966,3,3,3,3,3
TXN0000043981,2,2,2,2,1
TXN0000044004,2,2,2,2,2
TXN0000044027,3,2,2,2,2
TXN0000044034,2,2,2,2,2
TXN0000044057,2,2,2,2,2
TXN0000044059,2,2,2,2,2
TXN0000044060,3,3,3,3,2
TXN0000044072,2,2,2,2,2
TXN0000044113,2,2,2,2,2
TXN0000044190,2,2,2,2,2
TXN0000044204,2,2,2,2,2
TXN0000044228,2,2,2,2,1
TXN0000044251,2,2,2,2,2
TXN0000044257,2,2,2,2,2
TXN0000044312,5,5,5,5,3
TXN0000044335,3,3,3,3,3
TXN0000044341,4,4,4,4,4
TXN0000044353,2,2,2,2,2
TXN0000044355,3,3,3,3,3
TXN0000044389,2,2,2,2,2
TXN0000044427,2,2,2,2,2
TXN0000044482,2,2,2,2,2
TXN0000044496,2,2,2,2,2
TXN0000044501,3,2,2,2,2
TXN0000044511,2,2,2,2,2
TXN0000044514,2,2,2,2,2
TXN0000044563,2,1,1,1,1
TXN0000044618,3,2,2,2,2
TXN0000044622,3,3,3,3,1
TXN0000044633,2,2,2,2,2
TXN0000044651,3,2,2,2,2
TXN0000044668,2,2,2,2,2
TXN0000044676,3,3,3,3,3
TXN0000044688,2,2,2,2,2
TXN0000044702,2,2,2,2,2
TXN0000044731,2,2,2,2,2
TXN0000044745,2,2,2,2,2
TXN0000044755,3,3,3,3,2
TXN0000044758,2,2,2,2,2
TXN0000044764,2,2,2,2,1
TXN0000044772,4,3,3,3,3
TXN0000044783,3,3,3,3,3
TXN0000044816,2,2,2,2,2
TXN0000044882,2,2,2,2,2
TXN0000044892,2,2,2,2,2
TXN0000044926,2,2,2,2,2
TXN0000044961,2,2,2,2,2
TXN0000044986,2,2,2,2,2
TXN0000044993,2,2,2,2,2
TXN0000045039,2,2,2,2,2
TXN0000045080,2,2,2,2,2
TXN0000045098,2,2,2,2,2
TXN0000045100,2,2,2,2,2
TXN0000045132,3,3,3,3,3
TXN0000045167,2,2,2,2,2
TXN0000045170,2,2,2,2,2
TXN0000045202,2,2,2,2,2
TXN0000045231,2,2,2,2,2
TXN0000045252,2,2,2,2,2
TXN0000045300,2,2,2,2,2
TXN0000045316,3,3,3,3,3
TXN0000045319,2,2,2,2,1
TXN0000045350,2,2,2,2,1
TXN0000045400,2,2,2,2,2
TXN0000045402,2,2,2,2,2
TXN0000045414,2,2,2,2,2
TXN0000045435,2,1,1,1,1
TXN0000045459,2,2,2,2,1
TXN0000045491,2,2,2,2,1
TXN0000045493,2,2,2,2,2
TXN0000045502,2,2,2,2,2
TXN0000045514,2,2,2,2,2
TXN0000045596,2,2,2,2,2
TXN0000045604,2,2,2,2,2
TXN0000045619,2,2,2,2,2
TXN0000045639,3,2,2,2,2
TXN0000045643,2,2,2,2,2
TXN0000045647,2,2,2,2,2
TXN0000045651,2,2,2,2,2
TXN0000045676,2,1,1,1,1
TXN0000045720,2,2,2,2,2
TXN0000045753,2,2,2,2,2
TXN0000045761,2,2,2,2,2
TXN0000045766,2,2,2,2,2
TXN0000045799,2,2,2,2,2
TXN0000045800,2,2,2,2,2
TXN0000045823,2,2,2,2,2
TXN0000045862,2,2,2,2,2
TXN0000045890,3,3,3,3,3
TXN0000045910,3,3,3,3,3
TXN0000045911,2,1,1,1,1
TXN0000045924,2,2,2,2,2
TXN0000045930,2,1,1,1,1
TXN0000045932,2,1,1,1,1
TXN0000045945,2,2,2,2,2
TXN0000046012,2,2,2,2,2
TXN0000046031,2,2,2,2,2
TXN0000046107,2,2,2,2,2
TXN0000046124,2,1,1,1,1
TXN0000046152,2,2,2,2,2
TXN0000046169,2,2,2,2,2
TXN0000046175,2,2,2,2,2
TXN0000046178,2,2,2,2,1
TXN0000046179,2,2,2,2,2
TXN0000046185,2,2,2,2,2
TXN0000046194,2,2,2,2,2
TXN0000046205,2,2,2,2,2
TXN0000046269,2,1,1,1,1
TXN0000046284,2,2,2,2,2
TXN0000046301,2,2,2,2,2
TXN0000046309,2,2,2,2,2
TXN0000046328,2,2,2,2,2
TXN0000046329,2,2,2,2,2
TXN0000046333,2,2,2,2,2
TXN0000046337,2,2,2,2,2
TXN0000046359,3,3,3,3,2
TXN0000046364,2,2,2,2,2
TXN0000046367,2,2,2,2,2
TXN0000046376,2,1,1,1,1
TXN0000046413,2,2,2,2,2
TXN0000046414,2,2,2,2,2
TXN0000046415,3,3,3,3,3
TXN0000046445,2,2,2,2,2
TXN0000046474,2,2,2,2,2
TXN0000046482,2,2,2,2,2
TXN0000046484,2,2,2,2,2
TXN0000046537,2,2,2,2,2
TXN0000046551,2,2,2,2,2
TXN0000046590,2,1,1,1,1
TXN0000046620,2,2,2,2,2
TXN0000046650,3,3,3,3,3
TXN0000046653,2,2,2,2,2
TXN0000046695,2,2,2,2,2
TXN0000046701,2,2,2,2,2
TXN0000046732,2,2,2,2,2
TXN0000046736,2,2,2,2,2
TXN0000046761,2,2,2,2,2
TXN0000046770,2,1,1,1,1
TXN0000046788,2,1,1,1,1
TXN0000046801,2,2,2,2,1
TXN0000046830,2,2,2,2,2
TXN0000046841,2,2,2,2,2
TXN0000046850,3,3,3,3,3
TXN0000046864,2,2,2,2,2
TXN0000046867,2,2,2,2,2
TXN0000046900,2,2,2,2,2
TXN0000046903,2,2,2,2,2
TXN0000046927,2,2,2,2,2
TXN0000046934,2,2,2,2,2
TXN0000046955,2,2,2,2,2
TXN0000046962,2,2,2,2,2
TXN0000046968,2,2,2,2,2
TXN0000046979,2,2,2,2,2
TXN0000046988,2,2,2,2,2
TXN0000047093,2,2,2,2,2
TXN0000047111,2,2,2,2,2
TXN0000047155,2,2,2,2,2
TXN0000047167,2,2,2,2,2
TXN0000047200,3,2,2,2,2
TXN0000047287,2,2,2,2,2
TXN0000047311,2,2,2,2,2
TXN0000047333,3,3,3,3,3
TXN0000047340,3,3,3,3,3
TXN0000047383,2,2,2,2,2
TXN0000047407,2,2,2,2,2
TXN0000047435,2,2,2,2,2
TXN0000047438,2,2,2,2,2
TXN0000047445,2,2,2,2,2
TXN0000047453,2,1,1,1,1
TXN0000047454,2,2,2,2,2
TXN0000047491,2,2,2,2,2
TXN0000047514,3,3,3,3,3
TXN0000047522,2,2,2,2,2
TXN0000047536,2,2,2,2,2
TXN0000047560,2,2,2,2,2
TXN0000047561,2,2,2,2,2
TXN0000047589,2,2,2,2,2
TXN0000047602,2,2,2,2,2
TXN0000047609,2,2,2,2,1
TXN0000047620,2,2,2,2,2
TXN0000047636,3,2,2,2,2
TXN0000047642,2,2,2,2,2
TXN0000047745,2,2,2,2,2
TXN0000047756,3,2,2,2,2
TXN0000047758,4,4,4,4,4
TXN0000047783,2,2,2,2,2
TXN0000047810,3,3,3,3,3
TXN0000047814,2,2,2,2,2
TXN0000047966,2,2,2,2,2
TXN0000047972,2,2,2,2,2
TXN0000047986,2,2,2,2,2
TXN0000048007,2,2,2,2,2
TXN0000048010,2,1,1,1,1
TXN0000048012,2,2,2,2,2
TXN0000048013,2,2,2,2,2
TXN0000048017,3,3,3,3,3
TXN0000048092,2,2,2,2,2
TXN0000048099,2,2,2,2,2
TXN0000048127,2,2,2,2,2
TXN0000048136,2,2,2,2,2
TXN0000048174,2,2,2,2,2
TXN0000048179,2,2,2,2,1
TXN0000048202,2,2,2,2,2
TXN0000048209,2,2,2,2,2
TXN0000048213,2,2,2,2,2
TXN0000048229,3,3,3,3,2
TXN0000048316,2,2,2,2,2
TXN0000048325,2,2,2,2,2
TXN0000048337,2,2,2,2,2
TXN0000048341,2,2,2,2,2
TXN0000048347,3,2,2,2,2
TXN0000048349,2,2,2,2,2
TXN0000048351,2,2,2,2,2
TXN0000048357,2,2,2,2,2
TXN0000048359,2,2,2,2,2
TXN0000048363,2,2,2,2,2
TXN0000048372,2,2,2,2,2
TXN0000048395,2,1,1,1,1
TXN0000048399,2,1,1,1,1
TXN0000048405,2,2,2,2,2
TXN0000048423,2,2,2,2,2
TXN0000048432,3,3,3,3,3
TXN0000048471,2,2,2,2,2
TXN0000048496,2,2,2,2,2
TXN0000048498,2,2,2,2,2
TXN0000048538,2,2,2,2,2
TXN0000048542,3,2,2,2,2
TXN0000048544,2,2,2,2,2
TXN0000048554,2,2,2,2,2
TXN0000048564,3,3,3,3,3
TXN0000048570,2,2,2,2,2
TXN0000048577,2,1,1,1,1
TXN0000048599,2,2,2,2,2
TXN0000048603,2,2,2,2,2
TXN0000048613,2,2,2,2,2
TXN0000048628,2,2,2,2,2
TXN0000048686,2,2,2,2,2
TXN0000048699,2,2,2,2,2
TXN0000048741,3,3,3,3,3
TXN0000048762,2,2,2,2,2
TXN0000048782,2,2,2,2,2
TXN0000048792,2,2,2,2,2
TXN0000048799,2,2,2,2,2
TXN0000048845,2,2,2,2,2
TXN0000048848,3,3,3,3,3
TXN0000048856,2,2,2,2,2
TXN0000048858,2,1,1,1,1
TXN0000048877,2,1,1,1,1
TXN0000048882,2,2,2,2,2
TXN0000048900,2,2,2,2,2
TXN0000048906,2,2,2,2,2
TXN0000048925,4,3,3,3,3
TXN0000048947,2,2,2,2,2
TXN0000048971,2,2,2,2,2
TXN0000049025,2,2,2,2,2
TXN0000049062,2,2,2,2,2
TXN0000049070,2,2,2,2,2
TXN0000049083,2,2,2,2,2
TXN0000049086,2,2,2,2,2
TXN0000049106,3,3,3,3,3
TXN0000049109,2,2,2,2,2
TXN0000049123,2,2,2,2,2
TXN0000049126,2,2,2,2,2
TXN0000049144,2,2,2,2,2
TXN0000049190,2,2,2,2,2
TXN0000049197,2,2,2,2,2
TXN0000049227,2,2,2,2,2
TXN0000049231,3,3,3,3,3
TXN0000049234,2,2,2,2,2
TXN0000049239,2,2,2,2,2
TXN0000049252,2,2,2,2,2
TXN0000049255,2,2,2,2,2
TXN0000049266,2,2,2,2,1
TXN0000049275,2,2,2,2,2
TXN0000049286,2,1,1,1,1
TXN0000049291,2,2,2,2,1
TXN0000049315,2,2,2,2,2
TXN0000049326,2,1,1,1,1
TXN0000049362,2,2,2,2,2
TXN0000049375,2,2,2,2,2
TXN0000049402,2,2,2,2,1
TXN0000049410,2,2,2,2,2
TXN0000049457,2,2,2,2,2
TXN0000049481,2,2,2,2,2
TXN0000049500,2,2,2,2,2
TXN0000049516,2,2,2,2,1
TXN0000049528,2,2,2,2,2
TXN0000049544,2,2,2,2,2
TXN0000049556,2,2,2,2,2
TXN0000049564,2,2,2,2,2
TXN0000049580,2,2,2,2,2
TXN0000049582,2,2,2,2,2
TXN0000049626,2,2,2,2,2
TXN0000049658,2,1,1,1,1
TXN0000049665,2,2,2,2,2
TXN0000049729,3,3,3,3,3
TXN0000049743,3,3,3,3,3
TXN0000049765,2,2,2,2,2
TXN0000049801,2,2,2,2,2
TXN0000049806,2,2,2,2,2
TXN0000049820,2,2,2,2,2
TXN0000049857,2,1,1,1,1
TXN0000049875,2,2,2,2,2
TXN0000049876,2,2,2,2,2
TXN0000049909,2,2,2,2,2
TXN0000049916,2,2,2,2,1
TXN0000049923,2,2,2,2,2
TXN0000049976,2,2,2,2,2
TXN0000049993,2,2,2,2,2
TXN0000050001,2,1,1,1,1
TXN0000050003,2,2,2,2,2
TXN0000050029,2,1,1,1,1
TXN0000050056,2,2,2,2,2
TXN0000050083,2,2,2,2,2
TXN0000050095,2,2,2,2,2
TXN0000050134,2,2,2,2,2
TXN0000050151,2,2,2,2,2
TXN0000050181,2,2,2,2,2
TXN0000050211,2,2,2,2,2
TXN0000050215,2,2,2,2,2
TXN0000050226,2,2,2,2,2
TXN0000050227,2,2,2,2,2
TXN0000050256,2,2,2,2,1
TXN0000050273,2,2,2,2,2
TXN0000050287,2,2,2,2,2
TXN0000050295,3,3,3,3,2
TXN0000050300,2,1,1,1,1
TXN0000050367,2,2,2,2,1
TXN0000050407,2,2,2,2,2
TXN0000050428,2,2,2,2,2
TXN0000050431,2,2,2,2,2
TXN0000050448,2,2,2,2,2
TXN0000050468,5,3,3,3,3
TXN0000050483,2,2,2,2,2
TXN0000050522,2,2,2,2,2
TXN0000050600,3,3,3,3,3
TXN0000050641,2,2,2,2,2
TXN0000050661,2,2,2,2,2
TXN0000050671,2,2,2,2,2
TXN0000050687,2,2,2,2,2
TXN0000050701,2,2,2,2,2
TXN0000050702,2,2,2,2,2
TXN0000050711,2,2,2,2,2
TXN0000050726,2,2,2,2,2
TXN0000050727,3,2,2,2,2
TXN0000050770,2,2,2,2,2
TXN0000050772,2,2,2,2,2
TXN0000050803,2,1,1,1,1
TXN0000050816,2,1,1,1,1
TXN0000050821,2,2,2,2,2
TXN0000050830,2,1,1,1,1
TXN0000050856,2,2,2,2,2
TXN0000050875,3,3,3,3,3
TXN0000050930,2,2,2,2,2
TXN0000050960,2,2,2,2,2
TXN0000050994,2,2,2,2,2
TXN0000051009,3,3,3,3,2
TXN0000051062,3,3,3,3,3
TXN0000051074,2,2,2,2,2
TXN0000051081,2,2,2,2,2
TXN0000051086,2,2,2,2,2
TXN0000051107,2,2,2,2,2
TXN0000051110,2,2,2,2,2
TXN0000051117,2,2,2,2,2
TXN0000051177,2,2,2,2,2
TXN0000051199,2,2,2,2,1
TXN0000051225,2,1,1,1,1
TXN0000051236,2,2,2,2,2
TXN0000051238,2,2,2,2,2
TXN0000051252,2,2,2,2,2
TXN0000051256,2,2,2,2,2
TXN0000051279,3,2,2,2,2
TXN0000051296,2,2,2,2,2
TXN0000051328,2,2,2,2,2
TXN0000051358,2,2,2,2,2
TXN0000051368,3,3,3,3,2
TXN0000051394,2,2,2,2,2
TXN0000051432,2,2,2,2,2
TXN0000051440,2,2,2,2,2
TXN0000051453,2,1,1,1,1
TXN0000051487,2,2,2,2,2
TXN0000051488,2,2,2,2,1
TXN0000051493,2,2,2,2,2
TXN0000051523,2,2,2,2,2
TXN0000051546,2,2,2,2,2
TXN0000051549,2,2,2,2,2
TXN0000051597,2,2,2,2,2
TXN0000051629,2,2,2,2,2
TXN0000051649,3,3,3,3,3
TXN0000051665,2,2,2,2,2
TXN0000051693,2,2,2,2,1
TXN0000051776,2,1,1,1,1
TXN0000051786,3,3,3,3,3
TXN0000051793,2,2,2,2,2
TXN0000051803,2,2,2,2,2
TXN0000051811,2,2,2,2,2
TXN0000051816,2,2,2,2,2
TXN0000051821,3,3,3,3,3
TXN0000051833,2,2,2,2,2
TXN0000051834,2,2,2,2,2
TXN0000051851,4,4,4,4,3
TXN0000051897,2,2,2,2,2
TXN0000051931,2,2,2,2,2
TXN0000051949,2,1,1,1,1
TXN0000051958,2,1,1,1,1
TXN0000051970,3,3,3,3,3
TXN0000051973,2,2,2,2,2
TXN0000051993,2,2,2,2,2
TXN0000051995,2,2,2,2,1
TXN0000051996,2,2,2,2,2
TXN0000052025,2,2,2,2,2
TXN0000052028,2,2,2,2,2
TXN0000052034,2,2,2,2,2
TXN0000052037,2,2,2,2,2
TXN0000052044,3,2,2,2,2
TXN0000052132,2,2,2,2,2
TXN0000052136,2,2,2,2,2
TXN0000052141,2,2,2,2,2
TXN0000052155,2,1,1,1,1
TXN0000052156,2,2,2,2,2
TXN0000052159,2,2,2,2,2
TXN0000052161,2,2,2,2,2
TXN0000052168,2,2,2,2,2
TXN0000052239,2,2,2,2,2
TXN0000052244,2,1,1,1,1
TXN0000052274,2,2,2,2,2
TXN0000052301,2,2,2,2,2
TXN0000052392,3,3,3,3,3
TXN0000052399,2,2,2,2,2
TXN0000052400,2,2,2,2,1
TXN0000052470,2,2,2,2,2
TXN0000052474,2,2,2,2,2
TXN0000052480,2,1,1,1,1
TXN0000052496,2,2,2,2,2
TXN0000052502,2,2,2,2,2
TXN0000052523,3,3,3,3,2
TXN0000052549,2,2,2,2,2
TXN0000052554,2,2,2,2,2
TXN0000052559,5,4,4,4,4
TXN0000052561,2,2,2,2,2
TXN0000052594,2,2,2,2,2
TXN0000052613,2,2,2,2,2
TXN0000052617,2,2,2,2,2
TXN0000052624,4,3,3,3,3
TXN0000052632,2,2,2,2,2
TXN0000052633,2,1,1,1,1
TXN0000052637,2,2,2,2,2
TXN0000052640,3,3,3,3,2
TXN0000052677,2,2,2,2,2
TXN0000052702,2,2,2,2,2
TXN0000052706,2,2,2,2,2
TXN0000052751,2,2,2,2,2
TXN0000052764,3,3,3,3,3
TXN0000052790,2,2,2,2,2
TXN0000052818,2,2,2,2,2
TXN0000052833,2,2,2,2,2
TXN0000052839,3,2,2,2,2
TXN0000052845,2,2,2,2,2
TXN0000052868,2,2,2,2,2
TXN0000052869,2,2,2,2,1
TXN0000052876,2,2,2,2,2
TXN0000052878,2,1,1,1,1
TXN0000052920,2,1,1,1,1
TXN0000052932,2,2,2,2,2
TXN0000052934,2,2,2,2,2
TXN0000052949,2,2,2,2,2
TXN0000052951,2,2,2,2,2
TXN0000052952,2,2,2,2,1
TXN0000052957,2,1,1,1,1
TXN0000052960,2,2,2,2,2
TXN0000052982,2,2,2,2,2
TXN0000052986,4,4,4,4,3
TXN0000053005,2,2,2,2,2
TXN0000053038,2,2,2,2,2
TXN0000053072,3,2,2,2,2
TXN0000053097,2,2,2,2,2
TXN0000053108,2,2,2,2,2
TXN0000053111,2,2,2,2,2
TXN0000053139,2,2,2,2,2
TXN0000053160,2,2,2,2,2
TXN0000053205,2,2,2,2,2
TXN0000053232,2,2,2,2,2
TXN0000053264,2,2,2,2,2
TXN0000053269,2,1,1,1,1
TXN0000053292,2,2,2,2,2
TXN0000053336,2,2,2,2,2
TXN0000053373,2,1,1,1,1
TXN0000053389,2,2,2,2,2
TXN0000053403,2,2,2,2,2
TXN0000053408,2,2,2,2,2
TXN0000053439,2,2,2,2,2
TXN0000053449,2,2,2,2,2
TXN0000053462,2,2,2,2,2
TXN0000053464,2,2,2,2,1
TXN0000053480,2,2,2,2,2
TXN0000053518,2,2,2,2,2
TXN0000053557,2,2,2,2,2
TXN0000053577,2,2,2,2,2
TXN0000053594,2,2,2,2,2
TXN0000053669,3,3,3,3,3
TXN0000053681,2,2,2,2,2
TXN0000053690,3,2,2,2,2
TXN0000053722,2,2,2,2,2
TXN0000053767,2,2,2,2,2
TXN0000053771,2,1,1,1,1
TXN0000053787,2,2,2,2,2
TXN0000053797,2,1,1,1,1
TXN0000053809,2,2,2,2,2
TXN0000053811,2,2,2,2,2
TXN0000053812,2,2,2,2,2
TXN0000053872,2,1,1,1,1
TXN0000053916,2,1,1,1,1
TXN0000053935,2,2,2,2,2
TXN0000053951,2,2,2,2,1
TXN0000054000,2,2,2,2,2
TXN0000054074,2,2,2,2,2
TXN0000054076,2,2,2,2,2
TXN0000054078,2,2,2,2,2
TXN0000054084,2,2,2,2,2
TXN0000054140,2,2,2,2,2
TXN0000054145,2,2,2,2,2
TXN0000054146,2,2,2,2,2
TXN0000054176,2,2,2,2,2
TXN0000054195,2,2,2,2,1
TXN0000054207,3,3,3,3,3
TXN0000054216,2,2,2,2,2
TXN0000054220,3,3,3,3,3
TXN0000054225,2,2,2,2,2
TXN0000054240,2,2,2,2,2
TXN0000054260,2,1,1,1,1
TXN0000054280,2,2,2,2,2
TXN0000054308,4,4,4,4,2
TXN0000054359,3,2,2,2,2
TXN0000054367,2,1,1,1,1
TXN0000054442,2,2,2,2,2
TXN0000054453,2,2,2,2,2
TXN0000054472,2,1,1,1,1
TXN0000054508,2,2,2,2,2
TXN0000054523,2,1,1,1,1
TXN0000054528,2,2,2,2,2
TXN0000054550,2,2,2,2,2
TXN0000054557,2,2,2,2,2
TXN0000054559,2,2,2,2,2
TXN0000054563,3,3,3,3,3
TXN0000054570,2,2,2,2,2
TXN0000054580,2,2,2,2,2
TXN0000054584,2,2,2,2,2
TXN0000054596,2,2,2,2,2
TXN0000054604,2,2,2,2,2
TXN0000054624,2,1,1,1,1
TXN0000054635,2,2,2,2,2
TXN0000054645,2,2,2,2,2
TXN0000054673,2,2,2,2,2
TXN0000054707,2,2,2,2,2
TXN0000054776,2,2,2,2,2
TXN0000054809,2,2,2,2,2
TXN0000054942,2,2,2,2,2
TXN0000054971,2,2,2,2,2
TXN0000054973,2,1,1,1,1
TXN0000054996,2,2,2,2,2
TXN0000055016,2,2,2,2,2
TXN0000055040,2,1,1,1,1
TXN0000055054,2,2,2,2,2
TXN0000055140,2,2,2,2,2
TXN0000055166,2,2,2,2,2
TXN0000055172,2,2,2,2,2
TXN0000055176,2,2,2,2,2
TXN0000055193,3,3,3,3,3
TXN0000055204,2,2,2,2,2
TXN0000055227,2,1,1,1,1
TXN0000055279,2,2,2,2,2
TXN0000055347,2,2,2,2,2
TXN0000055362,2,2,2,2,2
TXN0000055389,2,2,2,2,2
TXN0000055459,2,2,2,2,2
TXN0000055480,2,1,1,1,1
TXN0000055485,2,1,1,1,1
TXN0000055487,3,2,2,2,2
TXN0000055520,2,2,2,2,2
TXN0000055524,2,2,2,2,2
TXN0000055535,2,1,1,1,1
TXN0000055558,2,1,1,1,1
TXN0000055606,2,2,2,2,2
TXN0000055630,2,2,2,2,2
TXN0000055672,2,2,2,2,2
TXN0000055674,2,2,2,2,2
TXN0000055679,2,1,1,1,1
TXN0000055708,2,2,2,2,2
TXN0000055737,2,2,2,2,2
TXN0000055749,2,2,2,2,2
TXN0000055754,2,2,2,2,2
TXN0000055764,2,2,2,2,2
TXN0000055793,2,2,2,2,2
TXN0000055828,2,2,2,2,2
TXN0000055830,2,2,2,2,2
TXN0000055836,2,2,2,2,2
TXN0000055886,2,2,2,2,2
TXN0000055949,2,1,1,1,1
TXN0000055956,2,2,2,2,2
TXN0000055988,2,2,2,2,2
TXN0000056018,2,2,2,2,2
TXN0000056037,2,2,2,2,2
TXN0000056044,2,2,2,2,2
TXN0000056064,2,2,2,2,2
TXN0000056067,2,2,2,2,1
TXN0000056072,2,2,2,2,2
TXN0000056111,2,2,2,2,2
TXN0000056129,2,2,2,2,2
TXN0000056130,3,3,3,3,3
TXN0000056135,2,2,2,2,2
TXN0000056192,2,2,2,2,2
TXN0000056212,2,2,2,2,2
TXN0000056219,2,2,2,2,2
TXN0000056225,3,3,3,3,3
TXN0000056264,2,2,2,2,2
TXN0000056265,2,2,2,2,2
TXN0000056306,2,2,2,2,2
TXN0000056308,2,1,1,1,1
TXN0000056319,2,2,2,2,2
TXN0000056380,2,2,2,2,2
TXN0000056392,2,1,1,1,1
TXN0000056431,2,2,2,2,2
TXN0000056456,3,2,2,2,2
TXN0000056459,2,2,2,2,2
TXN0000056484,2,2,2,2,2
TXN0000056487,2,2,2,2,2
TXN0000056489,3,3,3,3,3
TXN0000056500,2,2,2,2,2
TXN0000056503,2,2,2,2,2
TXN0000056509,2,2,2,2,2
TXN0000056517,2,2,2,2,1
TXN0000056529,3,2,2,2,2
TXN0000056533,2,2,2,2,2
TXN0000056554,2,2,2,2,2
TXN0000056572,2,1,1,1,1
TXN0000056576,2,2,2,2,2
TXN0000056588,3,3,3,3,3
TXN0000056606,2,2,2,2,2
TXN0000056634,2,2,2,2,2
TXN0000056640,2,2,2,2,2
TXN0000056642,2,2,2,2,1
TXN0000056674,2,2,2,2,2
TXN0000056683,2,2,2,2,2
TXN0000056686,2,2,2,2,2
TXN0000056699,2,1,1,1,1
TXN0000056707,2,2,2,2,2
TXN0000056724,2,2,2,2,2
TXN0000056730,2,2,2,2,2
TXN0000056752,3,3,3,3,2
TXN0000056758,3,3,3,3,3
TXN0000056788,2,2,2,2,2
TXN0000056795,2,2,2,2,2
TXN0000056799,2,2,2,2,2
TXN0000056829,2,2,2,2,2
TXN0000056833,2,2,2,2,2
TXN0000056841,2,2,2,2,2
TXN0000056842,2,1,1,1,1
TXN0000056843,2,2,2,2,2
TXN0000056870,2,2,2,2,2
TXN0000056871,2,2,2,2,2
TXN0000056899,2,2,2,2,2
TXN0000056931,3,3,3,3,2
TXN0000056938,2,2,2,2,2
TXN0000057030,2,2,2,2,2
TXN0000057088,2,2,2,2,2
TXN0000057109,2,2,2,2,2
TXN0000057110,2,2,2,2,2
TXN0000057116,2,2,2,2,2
TXN0000057118,2,2,2,2,2
TXN0000057137,2,2,2,2,2
TXN0000057154,2,1,1,1,1
TXN0000057261,2,2,2,2,2
TXN0000057310,2,2,2,2,2
TXN0000057319,2,1,1,1,1
TXN0000057330,2,2,2,2,2
TXN0000057338,2,2,2,2,2
TXN0000057367,3,3,3,3,3
TXN0000057390,4,4,4,4,4
TXN0000057452,2,2,2,2,2
TXN0000057455,2,2,2,2,2
TXN0000057465,2,2,2,2,2
TXN0000057472,2,1,1,1,1
TXN0000057486,2,2,2,2,2
TXN0000057493,2,2,2,2,2
TXN0000057494,2,1,1,1,1
TXN0000057512,2,2,2,2,2
TXN0000057555,3,2,2,2,2
TXN0000057590,2,2,2,2,2
TXN0000057595,2,2,2,2,2
TXN0000057596,3,2,2,2,1
TXN0000057619,2,2,2,2,2
TXN0000057630,2,2,2,2,2
TXN0000057653,2,2,2,2,2
TXN0000057657,2,2,2,2,2
TXN0000057689,2,2,2,2,1
TXN0000057708,2,2,2,2,1
TXN0000057714,3,3,3,3,3
TXN0000057733,2,2,2,2,2
TXN0000057760,2,2,2,2,2
TXN0000057779,2,2,2,2,2
TXN0000057827,2,2,2,2,2
TXN0000057855,2,2,2,2,2
TXN0000057866,2,2,2,2,1
TXN0000057900,2,2,2,2,2
TXN0000057902,3,2,2,2,2
TXN0000057917,2,2,2,2,2
TXN0000057918,2,2,2,2,1
TXN0000057927,2,2,2,2,2
TXN0000057941,2,2,2,2,2
TXN0000057951,2,2,2,2,2
TXN0000057955,2,2,2,2,2
TXN0000057961,4,3,3,3,3
TXN0000057969,2,2,2,2,1
TXN0000057981,2,2,2,2,2
TXN0000057991,3,3,3,3,3
TXN0000058000,2,2,2,2,1
TXN0000058005,4,4,4,4,3
TXN0000058008,2,2,2,2,2
TXN0000058068,2,2,2,2,2
TXN0000058071,2,2,2,2,2
TXN0000058113,2,2,2,2,2
TXN0000058119,2,2,2,2,2
TXN0000058127,2,1,1,1,1
TXN0000058176,2,2,2,2,2
TXN0000058181,3,2,2,2,2
TXN0000058188,2,2,2,2,2
TXN0000058196,2,2,2,2,2
TXN0000058200,2,2,2,2,2
TXN0000058213,3,3,3,3,3
TXN0000058226,2,2,2,2,2
TXN0000058235,2,2,2,2,2
TXN0000058238,2,2,2,2,2
TXN0000058265,2,2,2,2,2
TXN0000058367,2,2,2,2,2
TXN0000058414,2,2,2,2,1
TXN0000058418,2,2,2,2,2
TXN0000058480,2,1,1,1,1
TXN0000058489,2,2,2,2,2
TXN0000058495,2,2,2,2,2
TXN0000058512,4,4,4,4,3
TXN0000058544,2,2,2,2,2
TXN0000058581,2,2,2,2,2
TXN0000058600,2,2,2,2,2
TXN0000058623,2,1,1,1,1
TXN0000058629,2,2,2,2,2
TXN0000058681,4,4,4,4,3
TXN0000058700,2,2,2,2,2
TXN0000058703,2,2,2,2,2
TXN0000058706,2,2,2,2,2
TXN0000058712,3,3,3,3,3
TXN0000058716,2,2,2,2,2
TXN0000058724,2,2,2,2,2
TXN0000058734,2,2,2,2,2
TXN0000058787,2,1,1,1,1
TXN0000058802,3,2,2,2,2
TXN0000058827,3,2,2,2,2
TXN0000058828,2,2,2,2,2
TXN0000058849,2,2,2,2,2
TXN0000058864,2,2,2,2,2
TXN0000058889,2,2,2,2,2
TXN0000058901,2,2,2,2,2
TXN0000058909,2,1,1,1,1
TXN0000058918,2,2,2,2,2
TXN0000059002,2,2,2,2,2
TXN0000059025,2,2,2,2,2
TXN0000059042,2,1,1,1,1
TXN0000059054,2,2,2,2,2
TXN0000059068,3,2,2,2,2
TXN0000059070,2,2,2,2,2
TXN0000059093,2,2,2,2,2
TXN0000059110,2,2,2,2,1
TXN0000059138,2,2,2,2,2
TXN0000059151,2,1,1,1,1
TXN0000059196,2,2,2,2,2
TXN0000059210,2,2,2,2,2
TXN0000059219,2,2,2,2,2
TXN0000059222,2,2,2,2,2
TXN0000059235,3,3,3,3,3
TXN0000059301,2,2,2,2,2
TXN0000059303,2,1,1,1,1
TXN0000059318,2,2,2,2,2
TXN0000059339,2,2,2,2,2
TXN0000059363,2,2,2,2,2
TXN0000059364,2,2,2,2,2
TXN0000059419,2,2,2,2,2
TXN0000059422,2,2,2,2,2
TXN0000059429,2,2,2,2,2
TXN0000059432,2,1,1,1,1
TXN0000059442,2,2,2,2,2
TXN0000059449,2,2,2,2,2
TXN0000059482,2,2,2,2,1
TXN0000059495,2,1,1,1,1
TXN0000059500,2,2,2,2,2
TXN0000059545,2,2,2,2,2
TXN0000059549,2,2,2,2,2
TXN0000059557,3,3,3,3,3
TXN0000059566,4,3,3,3,3
TXN0000059593,2,2,2,2,2
TXN0000059630,2,2,2,2,2
TXN0000059649,2,2,2,2,2
TXN0000059652,2,2,2,2,2
TXN0000059653,2,2,2,2,2
TXN0000059662,2,2,2,2,2
TXN0000059667,2,2,2,2,2
TXN0000059669,2,2,2,2,2
TXN0000059674,2,2,2,2,2
TXN0000059684,3,2,2,2,2
TXN0000059686,4,4,4,4,2
TXN0000059687,2,2,2,2,2
TXN0000059722,2,2,2,2,2
TXN0000059735,2,2,2,2,2
TXN0000059749,3,2,2,2,2
TXN0000059768,2,2,2,2,2
TXN0000059769,2,2,2,2,1
TXN0000059777,2,2,2,2,2
TXN0000059787,2,1,1,1,1
TXN0000059802,4,4,4,4,4
TXN0000059806,2,2,2,2,2
TXN0000059812,2,2,2,2,2
TXN0000059864,2,1,1,1,1
TXN0000059870,2,2,2,2,2
TXN0000059873,2,2,2,2,2
TXN0000059956,2,2,2,2,2
TXN0000060003,2,2,2,2,2
TXN0000060017,3,3,3,3,3
TXN0000060039,2,2,2,2,2
TXN0000060047,2,2,2,2,2
TXN0000060060,3,3,3,3,2
TXN0000060089,2,2,2,2,2
TXN0000060110,2,1,1,1,1
TXN0000060132,2,1,1,1,1
TXN0000060168,2,2,2,2,2
TXN0000060189,2,2,2,2,2
TXN0000060194,2,2,2,2,2
TXN0000060201,2,2,2,2,2
TXN0000060203,2,2,2,2,2
TXN0000060243,3,3,3,3,3
TXN0000060255,2,2,2,2,1
TXN0000060287,2,2,2,2,2
TXN0000060332,3,2,2,2,2
TXN0000060333,2,2,2,2,2
TXN0000060364,3,3,3,3,3
TXN0000060391,3,3,3,3,3
TXN0000060426,2,2,2,2,2
TXN0000060455,2,2,2,2,2
TXN0000060484,3,3,3,3,3
TXN0000060509,2,2,2,2,2
TXN0000060598,2,2,2,2,2
TXN0000060636,2,2,2,2,2
TXN0000060645,2,2,2,2,2
TXN0000060648,2,1,1,1,1
TXN0000060652,2,2,2,2,2
TXN0000060669,2,2,2,2,2
TXN0000060676,2,2,2,2,2
TXN0000060679,2,2,2,2,2
TXN0000060692,2,2,2,2,2
TXN0000060695,2,2,2,2,1
TXN0000060744,2,2,2,2,2
TXN0000060754,2,2,2,2,2
TXN0000060774,2,2,2,2,2
TXN0000060779,2,2,2,2,2
TXN0000060798,2,2,2,2,2
TXN0000060843,2,2,2,2,2
TXN0000060849,2,2,2,2,2
TXN0000060893,3,3,3,3,3
TXN0000060904,3,2,2,2,2
TXN0000060914,2,2,2,2,2
TXN0000060943,2,2,2,2,2
TXN0000060978,2,2,2,2,2
TXN0000060982,2,2,2,2,2
TXN0000060999,2,2,2,2,2
TXN0000061017,2,2,2,2,2
TXN0000061029,2,2,2,2,2
TXN0000061071,3,3,3,3,3
TXN0000061082,2,2,2,2,2
TXN0000061101,2,2,2,2,2
TXN0000061149,2,2,2,2,2
TXN0000061161,2,2,2,2,2
TXN0000061168,2,2,2,2,2
TXN0000061192,2,2,2,2,1
TXN0000061215,2,1,1,1,1
TXN0000061242,2,1,1,1,1
TXN0000061270,3,3,3,3,3
TXN0000061271,2,2,2,2,2
TXN0000061282,2,2,2,2,2
TXN0000061288,2,2,2,2,1
TXN0000061302,2,2,2,2,2
TXN0000061331,2,2,2,2,2
TXN0000061365,2,2,2,2,2
TXN0000061370,2,2,2,2,2
TXN0000061381,3,2,2,2,2
TXN0000061438,2,2,2,2,2
TXN0000061517,2,2,2,2,2
TXN0000061528,3,3,3,3,3
TXN0000061535,2,2,2,2,2
TXN0000061572,2,2,2,2,2
TXN0000061581,2,2,2,2,2
TXN0000061621,3,3,3,3,3
TXN0000061632,2,2,2,2,2
TXN0000061659,3,3,3,3,3
TXN0000061660,3,3,3,3,3
TXN0000061682,2,2,2,2,2
TXN0000061700,2,2,2,2,2
TXN0000061703,2,2,2,2,2
TXN0000061807,2,1,1,1,1
TXN0000061865,2,2,2,2,2
TXN0000061872,2,2,2,2,2
TXN0000061886,2,1,1,1,1
TXN0000061895,2,2,2,2,2
TXN0000061898,2,2,2,2,2
TXN0000061899,2,2,2,2,2
TXN0000061903,2,2,2,2,2
TXN0000061920,2,2,2,2,2
TXN0000061949,2,2,2,2,2
TXN0000061956,2,2,2,2,2
TXN0000061968,2,2,2,2,2
TXN0000061978,2,2,2,2,2
TXN0000062002,2,2,2,2,2
TXN0000062018,2,2,2,2,2
TXN0000062026,3,3,3,3,3
TXN0000062032,3,3,3,3,3
TXN0000062033,2,2,2,2,1
TXN0000062035,2,2,2,2,2
TXN0000062063,2,2,2,2,2
TXN0000062067,2,2,2,2,2
TXN0000062105,3,3,3,3,2
TXN0000062186,2,2,2,2,2
TXN0000062201,2,2,2,2,2
TXN0000062203,2,2,2,2,2
TXN0000062229,2,2,2,2,2
TXN0000062270,2,2,2,2,2
TXN0000062289,2,2,2,2,2
TXN0000062292,2,2,2,2,2
TXN0000062295,2,2,2,2,2
TXN0000062308,2,2,2,2,2
TXN0000062318,4,4,4,4,4
TXN0000062359,2,2,2,2,2
TXN0000062380,2,2,2,2,2
TXN0000062383,2,2,2,2,2
TXN0000062385,2,2,2,2,2
TXN0000062463,3,3,3,3,2
TXN0000062497,2,2,2,2,1
TXN0000062501,2,2,2,2,2
TXN0000062504,2,2,2,2,2
TXN0000062535,2,2,2,2,2
TXN0000062541,2,2,2,2,2
TXN0000062551,2,2,2,2,2
TXN0000062557,2,2,2,2,2
TXN0000062561,2,2,2,2,2
TXN0000062582,2,2,2,2,2
TXN0000062585,2,1,1,1,1
TXN0000062588,2,2,2,2,2
TXN0000062596,2,2,2,2,2
TXN0000062603,2,2,2,2,2
TXN0000062634,2,2,2,2,2
TXN0000062643,3,3,3,3,3
TXN0000062672,2,2,2,2,2
TXN0000062683,2,2,2,2,2
TXN0000062756,2,2,2,2,2
TXN0000062785,2,2,2,2,2
TXN0000062839,2,2,2,2,2
TXN0000062925,2,2,2,2,2
TXN0000062931,3,3,3,3,3
TXN0000062936,2,1,1,1,1
TXN0000062942,2,2,2,2,2
TXN0000062944,2,2,2,2,2
TXN0000062945,2,2,2,2,2
TXN0000062952,3,2,2,2,2
TXN0000062955,3,2,2,2,2
TXN0000062960,2,2,2,2,2
TXN0000063005,4,4,4,4,4
TXN0000063014,2,2,2,2,2
TXN0000063028,2,2,2,2,2
TXN0000063031,2,2,2,2,1
TXN0000063039,2,2,2,2,2
TXN0000063126,2,2,2,2,2
TXN0000063131,2,2,2,2,2
TXN0000063203,3,3,3,3,3
TXN0000063204,2,2,2,2,1
TXN0000063228,2,2,2,2,2
TXN0000063253,2,2,2,2,2
TXN0000063264,3,2,2,2,2
TXN0000063301,2,2,2,2,2
TXN0000063319,3,2,2,2,2
TXN0000063323,2,2,2,2,1
TXN0000063330,2,2,2,2,2
TXN0000063355,2,2,2,2,2
TXN0000063375,2,2,2,2,2
TXN0000063377,2,2,2,2,2
TXN0000063381,2,2,2,2,2
TXN0000063382,2,2,2,2,2
TXN0000063391,2,2,2,2,2
TXN0000063399,2,2,2,2,2
TXN0000063418,2,1,1,1,1
TXN0000063460,2,2,2,2,2
TXN0000063496,3,2,2,2,2
TXN0000063501,2,2,2,2,2
TXN0000063535,2,2,2,2,2
TXN0000063537,2,2,2,2,2
TXN0000063542,2,2,2,2,2
TXN0000063559,3,2,2,2,2
TXN0000063589,2,2,2,2,2
TXN0000063591,2,2,2,2,1
TXN0000063602,2,2,2,2,2
TXN0000063626,2,2,2,2,2
TXN0000063628,2,2,2,2,2
TXN0000063679,3,3,3,3,3
TXN0000063729,2,2,2,2,2
TXN0000063753,2,2,2,2,2
TXN0000063773,2,2,2,2,2
TXN0000063784,2,2,2,2,2
TXN0000063800,3,3,3,3,3
TXN0000063816,3,3,3,3,3
TXN0000063818,2,2,2,2,2
TXN0000063824,2,2,2,2,2
TXN0000063830,2,2,2,2,2
TXN0000063837,2,2,2,2,2
TXN0000063838,2,2,2,2,2
TXN0000063842,2,2,2,2,2
TXN0000063848,4,4,4,4,4
TXN0000063859,2,2,2,2,2
TXN0000063864,2,1,1,1,1
TXN0000063891,2,2,2,2,2
TXN0000063892,3,2,2,2,2
TXN0000063906,2,2,2,2,2
TXN0000063914,3,2,2,2,2
TXN0000063935,3,3,3,3,3
TXN0000063953,2,2,2,2,2
TXN0000063963,2,2,2,2,2
TXN0000063999,2,2,2,2,2
TXN0000064017,2,2,2,2,2
TXN0000064019,2,2,2,2,2
TXN0000064058,3,3,3,3,2
TXN0000064091,2,2,2,2,2
TXN0000064101,2,2,2,2,2
TXN0000064117,2,2,2,2,2
TXN0000064118,2,2,2,2,2
TXN0000064122,2,2,2,2,2
TXN0000064174,2,1,1,1,1
TXN0000064203,2,2,2,2,2
TXN0000064241,2,2,2,2,2
TXN0000064242,2,2,2,2,2
TXN0000064260,2,2,2,2,1
TXN0000064265,2,2,2,2,1
TXN0000064273,2,2,2,2,2
TXN0000064310,2,2,2,2,2
TXN0000064324,2,2,2,2,2
TXN0000064334,2,2,2,2,2
TXN0000064353,2,2,2,2,2
TXN0000064354,3,3,3,3,3
TXN0000064361,2,2,2,2,2
TXN0000064403,2,2,2,2,2
TXN0000064422,2,2,2,2,2
TXN0000064423,2,2,2,2,2
TXN0000064445,2,2,2,2,1
TXN0000064446,2,2,2,2,2
TXN0000064462,2,2,2,2,2
TXN0000064474,2,1,1,1,1
TXN0000064483,2,2,2,2,2
TXN0000064509,3,3,3,3,3
TXN0000064546,2,2,2,2,2
TXN0000064552,2,2,2,2,2
TXN0000064554,2,2,2,2,2
TXN0000064563,2,1,1,1,1
TXN0000064567,2,2,2,2,2
TXN0000064603,2,1,1,1,1
TXN0000064616,3,3,3,3,2
TXN0000064634,2,2,2,2,2
TXN0000064655,3,3,3,3,3
TXN0000064702,4,3,3,3,3
TXN0000064712,2,2,2,2,2
TXN0000064714,2,2,2,2,1
TXN0000064757,2,2,2,2,2
TXN0000064758,2,1,1,1,1
TXN0000064772,2,2,2,2,2
TXN0000064852,2,2,2,2,2
TXN0000064862,2,2,2,2,2
TXN0000064882,2,2,2,2,2
TXN0000064884,2,2,2,2,2
TXN0000064895,2,2,2,2,2
TXN0000064927,2,2,2,2,2
TXN0000064983,2,2,2,2,2
TXN0000065011,2,2,2,2,1
TXN0000065022,2,2,2,2,2
TXN0000065027,3,3,3,3,3
TXN0000065042,2,1,1,1,1
TXN0000065081,2,2,2,2,1
TXN0000065087,2,2,2,2,2
TXN0000065088,2,2,2,2,2
TXN0000065093,2,2,2,2,2
TXN0000065113,2,2,2,2,1
TXN0000065168,2,2,2,2,2
TXN0000065174,2,2,2,2,2
TXN0000065178,2,2,2,2,2
TXN0000065181,2,2,2,2,2
TXN0000065193,2,2,2,2,2
TXN0000065195,2,2,2,2,2
TXN0000065210,3,3,3,3,3
TXN0000065213,2,2,2,2,2
TXN0000065248,3,3,3,3,2
TXN0000065268,3,2,2,2,2
TXN0000065271,2,2,2,2,2
TXN0000065275,3,3,3,3,3
TXN0000065285,2,2,2,2,2
TXN0000065288,3,3,3,3,3
TXN0000065290,2,2,2,2,2
TXN0000065298,2,2,2,2,2
TXN0000065315,2,2,2,2,1
TXN0000065357,3,3,3,3,2
TXN0000065383,2,2,2,2,2
TXN0000065394,2,2,2,2,2
TXN0000065420,2,2,2,2,2
TXN0000065437,3,3,3,3,2
TXN0000065451,2,2,2,2,2
TXN0000065459,3,3,3,3,3
TXN0000065467,2,2,2,2,2
TXN0000065475,3,3,3,3,3
TXN0000065478,2,2,2,2,2
TXN0000065480,2,2,2,2,2
TXN0000065481,3,2,2,2,2
TXN0000065514,2,2,2,2,2
TXN0000065545,2,2,2,2,2
TXN0000065565,2,2,2,2,2
TXN0000065574,3,3,3,3,3
TXN0000065673,2,2,2,2,2
TXN0000065676,2,2,2,2,2
TXN0000065710,2,1,1,1,1
TXN0000065713,3,3,3,3,3
TXN0000065717,2,2,2,2,2
TXN0000065723,5,4,4,4,3
TXN0000065757,2,2,2,2,2
TXN0000065767,2,2,2,2,2
TXN0000065781,2,1,1,1,1
TXN0000065787,2,2,2,2,2
TXN0000065797,2,2,2,2,2
TXN0000065805,2,2,2,2,2
TXN0000065824,2,1,1,1,1
TXN0000065836,2,2,2,2,2
TXN0000065882,2,2,2,2,2
TXN0000065892,2,2,2,2,2
TXN0000065917,2,2,2,2,2
TXN0000065957,2,2,2,2,2
TXN0000066012,2,2,2,2,2
TXN0000066043,2,1,1,1,1
TXN0000066061,2,2,2,2,1
TXN0000066110,2,2,2,2,2
TXN0000066120,3,2,2,2,2
TXN0000066123,3,2,2,2,2
TXN0000066124,2,2,2,2,2
TXN0000066149,2,2,2,2,1
TXN0000066159,3,2,2,2,2
TXN0000066171,2,2,2,2,2
TXN0000066184,2,2,2,2,2
TXN0000066223,2,2,2,2,2
TXN0000066252,2,2,2,2,2
TXN0000066351,2,2,2,2,2
TXN0000066386,3,2,2,2,2
TXN0000066432,2,2,2,2,2
TXN0000066458,2,2,2,2,2
TXN0000066462,2,2,2,2,2
TXN0000066463,3,3,3,3,3
TXN0000066493,2,2,2,2,2
TXN0000066536,2,2,2,2,2
TXN0000066537,2,2,2,2,2
TXN0000066558,2,2,2,2,2
TXN0000066564,2,2,2,2,2
TXN0000066565,2,1,1,1,1
TXN0000066571,3,3,3,3,3
TXN0000066573,2,2,2,2,2
TXN0000066605,2,2,2,2,1
TXN0000066607,2,2,2,2,2
TXN0000066662,2,2,2,2,1
TXN0000066679,2,2,2,2,2
TXN0000066682,2,2,2,2,2
TXN0000066727,2,2,2,2,2
TXN0000066757,2,2,2,2,2
TXN0000066786,2,2,2,2,2
TXN0000066837,2,2,2,2,2
TXN0000066849,2,2,2,2,2
TXN0000066906,2,2,2,2,2
TXN0000066915,3,3,3,3,3
TXN0000066938,3,3,3,3,3
TXN0000066948,2,2,2,2,2
TXN0000066952,2,2,2,2,2
TXN0000066972,2,2,2,2,2
TXN0000066976,2,2,2,2,2
TXN0000066986,2,2,2,2,2
TXN0000066987,2,2,2,2,2
TXN0000066995,2,2,2,2,2
TXN0000067016,2,2,2,2,2
TXN0000067033,2,2,2,2,2
TXN0000067037,3,3,3,3,2
TXN0000067059,2,2,2,2,2
TXN0000067089,2,2,2,2,1
TXN0000067096,2,2,2,2,2
TXN0000067100,2,2,2,2,2
TXN0000067114,2,2,2,2,2
TXN0000067135,2,2,2,2,2
TXN0000067155,2,2,2,2,2
TXN0000067166,2,2,2,2,2
TXN0000067173,2,2,2,2,2
TXN0000067174,2,2,2,2,2
TXN0000067204,2,2,2,2,1
TXN0000067211,2,2,2,2,2
TXN0000067221,3,3,3,3,3
TXN0000067227,3,3,3,3,2
TXN0000067235,3,3,3,3,3
TXN0000067241,3,3,3,3,3
TXN0000067249,2,2,2,2,2
TXN0000067257,2,2,2,2,2
TXN0000067264,2,2,2,2,2
TXN0000067271,3,2,2,2,2
TXN0000067295,2,2,2,2,2
TXN0000067308,2,2,2,2,2
TXN0000067329,2,2,2,2,2
TXN0000067332,3,2,2,2,1
TXN0000067344,2,2,2,2,1
TXN0000067386,3,2,2,2,2
TXN0000067387,2,2,2,2,2
TXN0000067389,2,2,2,2,2
TXN0000067390,2,2,2,2,2
TXN0000067395,2,2,2,2,1
TXN0000067412,2,2,2,2,2
TXN0000067415,2,2,2,2,1
TXN0000067423,3,3,3,3,3
TXN0000067426,2,2,2,2,1
TXN0000067436,2,2,2,2,2
TXN0000067465,2,2,2,2,2
TXN0000067487,2,2,2,2,2
TXN0000067496,2,2,2,2,2
TXN0000067538,2,1,1,1,1
TXN0000067540,3,3,3,3,3
TXN0000067557,4,4,4,4,4
TXN0000067566,3,2,2,2,2
TXN0000067570,2,2,2,2,2
TXN0000067577,2,2,2,2,2
TXN0000067641,2,2,2,2,2
TXN0000067652,2,2,2,2,2
TXN0000067667,2,2,2,2,2
TXN0000067669,3,3,3,3,3
TXN0000067671,2,2,2,2,2
TXN0000067673,2,2,2,2,2
TXN0000067703,2,2,2,2,2
TXN0000067731,2,2,2,2,2
TXN0000067738,2,2,2,2,2
TXN0000067754,2,1,1,1,1
TXN0000067784,2,2,2,2,2
TXN0000067787,2,2,2,2,2
TXN0000067793,2,2,2,2,2
TXN0000067799,2,2,2,2,2
TXN0000067805,2,2,2,2,2
TXN0000067865,2,2,2,2,2
TXN0000067873,2,2,2,2,2
TXN0000067877,2,2,2,2,2
TXN0000067883,2,2,2,2,2
TXN0000067901,2,2,2,2,2
TXN0000067907,2,1,1,1,1
TXN0000067956,2,2,2,2,2
TXN0000067958,2,1,1,1,1
TXN0000067962,2,2,2,2,2
TXN0000067995,2,2,2,2,2
TXN0000068001,2,2,2,2,2
TXN0000068005,2,1,1,1,1
TXN0000068008,2,2,2,2,2
TXN0000068025,2,2,2,2,1
TXN0000068027,2,2,2,2,2
TXN0000068047,2,2,2,2,2
TXN0000068054,2,2,2,2,2
TXN0000068057,2,2,2,2,2
TXN0000068059,2,2,2,2,2
TXN0000068070,2,2,2,2,2
TXN0000068096,2,1,1,1,1
TXN0000068161,2,1,1,1,1
TXN0000068162,2,2,2,2,1
TXN0000068186,2,1,1,1,1
TXN0000068197,2,2,2,2,2
TXN0000068205,2,2,2,2,2
TXN0000068239,2,1,1,1,1
TXN0000068240,2,2,2,2,2
TXN0000068250,2,2,2,2,2
TXN0000068258,2,2,2,2,2
TXN0000068286,2,1,1,1,1
TXN0000068287,2,1,1,1,1
TXN0000068298,2,2,2,2,2
TXN0000068327,2,2,2,2,2
TXN0000068343,2,2,2,2,2
TXN0000068350,2,2,2,2,2
TXN0000068353,2,2,2,2,2
TXN0000068372,2,2,2,2,2
TXN0000068373,2,2,2,2,2
TXN0000068380,3,3,3,3,3
TXN0000068397,2,2,2,2,2
TXN0000068408,2,2,2,2,2
TXN0000068436,2,2,2,2,2
TXN0000068443,2,2,2,2,2
TXN0000068521,2,2,2,2,2
TXN0000068540,2,1,1,1,1
TXN0000068541,2,2,2,2,2
TXN0000068589,2,2,2,2,2
TXN0000068612,2,1,1,1,1
TXN0000068625,2,2,2,2,2
TXN0000068629,2,2,2,2,2
TXN0000068673,2,2,2,2,2
TXN0000068687,2,2,2,2,2
TXN0000068692,2,2,2,2,2
TXN0000068694,2,2,2,2,2
TXN0000068701,2,2,2,2,2
TXN0000068706,2,2,2,2,2
TXN0000068716,2,2,2,2,2
TXN0000068745,2,2,2,2,2
TXN0000068755,2,2,2,2,2
TXN0000068800,2,2,2,2,2
TXN0000068805,2,2,2,2,2
TXN0000068842,2,2,2,2,2
TXN0000068853,2,2,2,2,2
TXN0000068896,2,2,2,2,2
TXN0000068909,2,2,2,2,2
TXN0000068912,2,2,2,2,2
TXN0000068920,2,2,2,2,2
TXN0000068940,2,2,2,2,2
TXN0000068952,2,2,2,2,2
TXN0000068956,2,2,2,2,2
TXN0000068991,2,2,2,2,2
TXN0000069007,2,2,2,2,2
TXN0000069011,2,2,2,2,2
TXN0000069019,2,2,2,2,2
TXN0000069038,2,2,2,2,2
TXN0000069040,2,2,2,2,2
TXN0000069075,2,2,2,2,2
TXN0000069091,3,3,3,3,2
TXN0000069150,2,2,2,2,2
TXN0000069172,2,1,1,1,1
TXN0000069212,2,1,1,1,1
TXN0000069260,2,2,2,2,2
TXN0000069286,2,2,2,2,2
TXN0000069308,2,2,2,2,2
TXN0000069326,2,2,2,2,2
TXN0000069342,2,2,2,2,2
TXN0000069351,2,2,2,2,2
TXN0000069363,2,2,2,2,2
TXN0000069385,2,2,2,2,2
TXN0000069410,2,2,2,2,2
TXN0000069458,2,1,1,1,1
TXN0000069471,2,2,2,2,2
TXN0000069477,2,2,2,2,2
TXN0000069493,2,1,1,1,1
TXN0000069531,2,1,1,1,1
TXN0000069538,2,2,2,2,2
TXN0000069576,2,2,2,2,2
TXN0000069581,3,3,3,3,3
TXN0000069582,4,4,4,4,4
TXN0000069585,2,2,2,2,2
TXN0000069590,3,3,3,3,3
TXN0000069594,2,2,2,2,2
TXN0000069628,2,2,2,2,2
TXN0000069663,2,2,2,2,2
TXN0000069680,2,2,2,2,2
TXN0000069683,2,1,1,1,1
TXN0000069748,2,2,2,2,2
TXN0000069779,2,2,2,2,2
TXN0000069780,2,2,2,2,2
TXN0000069796,2,2,2,2,2
TXN0000069813,2,2,2,2,2
TXN0000069823,3,3,3,3,2
TXN0000069825,3,3,3,3,3
TXN0000069826,2,2,2,2,2
TXN0000069849,2,2,2,2,2
TXN0000069852,2,2,2,2,2
TXN0000069857,2,2,2,2,1
TXN0000069861,2,2,2,2,2
TXN0000069882,2,2,2,2,2
TXN0000069884,2,2,2,2,2
TXN0000069886,2,2,2,2,2
TXN0000069927,2,2,2,2,2
TXN0000069948,2,2,2,2,2
TXN0000069965,2,2,2,2,2
TXN0000069967,3,2,2,2,2
TXN0000069980,3,3,3,3,3
TXN0000069984,3,2,2,2,2
